game,char,file,duration_s,tail_maxdB,reason
army-men-rts,hoover,hoover-attacked-1.wav,2.0,-99.0,capped
army-men-rts,hoover,hoover-move-1.wav,2.0,-99.0,capped
army-men-rts,hoover,hoover-move-2.wav,2.0,-99.0,capped
army-men-rts,shrap,shrap-spotted-1.wav,2.0,-99.0,capped
army-men-rts,_shared,barracks_finish.wav,2.0,-99.0,capped
army-men-rts,_shared,blocko_death.wav,2.0,-99.0,capped
army-men-rts,_shared,construct.wav,2.0,-99.0,capped
army-men-rts,_shared,garage_finish.wav,2.0,-99.0,capped
army-men-rts,_shared,goal.wav,2.0,-99.0,capped
army-men-rts,_shared,halftrack_death.wav,2.0,-99.0,capped
army-men-rts,_shared,mine-construct.wav,2.0,-99.0,capped
army-men-rts,_shared,roach_death.wav,2.0,-99.0,capped
army-men-rts,_shared,smallbuilding_death.wav,2.0,-99.0,capped
army-men-rts,_shared,tank_death.wav,2.0,-99.0,capped
army-men-rts,_shared,unload_electric.wav,2.0,-99.0,capped
army-men-rts,_shared,unload_plastic.wav,2.0,-99.0,capped
family-guy,brian,brian-hey-barkeep-0.mp3,2.0,-99.0,capped
family-guy,brian,brian-money-money-0.mp3,2.0,-99.0,capped
family-guy,brian,brian-mustache-0.mp3,2.0,-99.0,capped
family-guy,cleveland,cleveland-crazy-0.mp3,2.0,-99.0,capped
family-guy,cleveland,cleveland-favorite-0.mp3,2.0,-99.0,capped
family-guy,cleveland,cleveland-kill-again-0.mp3,2.0,-99.0,capped
family-guy,cleveland,cleveland-that-window-0.mp3,2.0,-99.0,capped
family-guy,meg,meg-alone-0.mp3,2.0,-99.0,capped
family-guy,meg,meg-convertible-0.mp3,2.0,-99.0,capped
family-guy,meg,meg-like-a-boy-0.mp3,2.0,-99.0,capped
family-guy,meg,meg-sorry-0.mp3,2.0,-99.0,capped
family-guy,peter,peter-nice-job-0.mp3,2.0,-99.0,capped
family-guy,quagmire,quagmire-giggity-0.mp3,2.0,-99.0,capped
family-guy,quagmire,quagmire-hey-foxy-0.mp3,2.0,-99.0,capped
family-guy,quagmire,quagmire-last-nerve-0.mp3,2.0,-99.0,capped
family-guy,quagmire,quagmire-turn-down-music-0.mp3,2.0,-99.0,capped
family-guy,stewie,stewie-anguish-sustains-me-0.mp3,2.0,-99.0,capped
family-guy,stewie,stewie-anorexic-aliens-0.mp3,2.0,-99.0,capped
family-guy,stewie,stewie-best-idea-0.mp3,2.0,-99.0,capped
family-guy,stewie,stewie-cold-in-here-0.mp3,2.0,-99.0,capped
family-guy,stewie,stewie-ehh-0.mp3,2.0,-99.0,capped
family-guy,stewie,stewie-ew-gross-0.mp3,2.0,-99.0,capped
family-guy,stewie,stewie-farted-0.mp3,2.0,-99.0,capped
family-guy,stewie,stewie-get-it-now-0.mp3,2.0,-99.0,capped
family-guy,stewie,stewie-go-away-0.mp3,2.0,-99.0,capped
family-guy,stewie,stewie-gorgeous-0.mp3,2.0,-99.0,capped
family-guy,stewie,stewie-happy-hour-0.mp3,2.0,-99.0,capped
family-guy,stewie,stewie-hilarious-0.mp3,2.0,-99.0,capped
family-guy,stewie,stewie-holy-frijole-0.mp3,2.0,-99.0,capped
family-guy,stewie,stewie-in-love-0.mp3,2.0,-99.0,capped
family-guy,stewie,stewie-interview-0.mp3,2.0,-99.0,capped
family-guy,stewie,stewie-interview-1.mp3,2.0,-99.0,capped
family-guy,stewie,stewie-knock-it-off-0.mp3,2.0,-99.0,capped
family-guy,stewie,stewie-naughty-girl-0.mp3,2.0,-99.0,capped
family-guy,stewie,stewie-need-my-help-0.mp3,2.0,-99.0,capped
family-guy,stewie,stewie-nightmare-0.mp3,2.0,-99.0,capped
family-guy,stewie,stewie-no-apologies-0.mp3,2.0,-99.0,capped
family-guy,stewie,stewie-nobody-this-stupid-0.mp3,2.0,-99.0,capped
family-guy,stewie,stewie-oh-god-0.mp3,2.0,-99.0,capped
family-guy,stewie,stewie-omg-0.mp3,2.0,-99.0,capped
family-guy,stewie,stewie-omg-1.mp3,2.0,-99.0,capped
family-guy,stewie,stewie-outrageous-0.mp3,2.0,-99.0,capped
family-guy,stewie,stewie-rude-service-0.mp3,2.0,-99.0,capped
family-guy,stewie,stewie-scared-me-0.mp3,2.0,-99.0,capped
family-guy,stewie,stewie-score-0.mp3,2.0,-99.0,capped
family-guy,stewie,stewie-score-score-0.mp3,2.0,-99.0,capped
family-guy,stewie,stewie-scream-0.mp3,2.0,-99.0,capped
family-guy,stewie,stewie-shmootzplatzen-0.mp3,2.0,-99.0,capped
family-guy,stewie,stewie-silence-you-fool-0.mp3,2.0,-99.0,capped
family-guy,stewie,stewie-stop-it-0.mp3,2.0,-99.0,capped
family-guy,stewie,stewie-sweet-0.mp3,2.0,-99.0,capped
family-guy,stewie,stewie-thats-crazy-0.mp3,2.0,-99.0,capped
family-guy,stewie,stewie-thats-the-spirit-0.mp3,2.0,-99.0,capped
family-guy,stewie,stewie-too-fabulous-0.mp3,2.0,-99.0,capped
family-guy,stewie,stewie-tough-break-0.mp3,2.0,-99.0,capped
family-guy,stewie,stewie-wall-between-us-0.mp3,2.0,-99.0,capped
family-guy,stewie,stewie-want-wife-back-0.mp3,2.0,-99.0,capped
family-guy,stewie,stewie-what-is-that-0.mp3,2.0,-99.0,capped
family-guy,stewie,stewie-what-the-hell-0.mp3,2.0,-99.0,capped
family-guy,stewie,stewie-youre-funny-0.mp3,2.0,-99.0,capped
family-guy,_shared,_shared-makeover-0.mp3,2.0,-99.0,capped
heroes-of-the-storm,abathur,abathur-introboast-0.ogg,2.0,-99.0,capped
heroes-of-the-storm,abathur,abathur-introquestion-0.ogg,2.0,-99.0,capped
heroes-of-the-storm,abathur,abathur-introquestion-brightwing-0.ogg,2.0,-99.0,capped
heroes-of-the-storm,abathur,abathur-introrespond-0.ogg,2.0,-99.0,capped
heroes-of-the-storm,abathur,abathur-pissed-1.ogg,1.993,-99.0,capped
heroes-of-the-storm,abathur,abathur-pissed-2.ogg,2.0,-99.0,capped
heroes-of-the-storm,abathur,abathur-taunt-0.ogg,2.0,-99.0,capped
heroes-of-the-storm,abathur,abathur-taunt-1.ogg,2.0,-99.0,capped
heroes-of-the-storm,abathur,abathur-taunt-2.ogg,1.993,-99.0,capped
heroes-of-the-storm,abathur,abathur-worthit-0.ogg,2.0,-99.0,capped
heroes-of-the-storm,abathur,abathur-yes-0.ogg,2.0,-99.0,capped
heroes-of-the-storm,alarak,alarak-ai-goodjob-0.ogg,2.0,-99.0,capped
heroes-of-the-storm,alarak,alarak-ai-goodjob-1.ogg,2.0,-99.0,capped
heroes-of-the-storm,alarak,alarak-introboast-0.ogg,2.0,-99.0,capped
heroes-of-the-storm,alarak,alarak-introboast-1.ogg,2.0,-99.0,capped
heroes-of-the-storm,alarak,alarak-introquestion-0.ogg,2.0,-99.0,capped
heroes-of-the-storm,alarak,alarak-introquestion-1.ogg,2.0,-99.0,capped
heroes-of-the-storm,alarak,alarak-laugh-0.ogg,2.0,-99.0,capped
heroes-of-the-storm,alarak,alarak-laugh-1.ogg,2.006,-99.0,capped
heroes-of-the-storm,alarak,alarak-laugh-2.ogg,2.0,-99.0,capped
heroes-of-the-storm,alarak,alarak-pissed-0.ogg,2.0,-99.0,capped
heroes-of-the-storm,alarak,alarak-pissed-2.ogg,2.0,-99.0,capped
heroes-of-the-storm,alarak,alarak-yes-0.ogg,2.0,-99.0,capped
heroes-of-the-storm,alarak,alarak-yes-1.ogg,2.0,-99.0,capped
heroes-of-the-storm,alexstrasza,alexstrasza-ai-goodjob-1.ogg,2.0,-99.0,capped
heroes-of-the-storm,alexstrasza,alexstrasza-introboast-0.ogg,2.0,-99.0,capped
heroes-of-the-storm,alexstrasza,alexstrasza-introboast-1.ogg,2.0,-99.0,capped
heroes-of-the-storm,alexstrasza,alexstrasza-introquestion-0.ogg,2.0,-99.0,capped
heroes-of-the-storm,alexstrasza,alexstrasza-introquestion-1.ogg,2.0,-99.0,capped
heroes-of-the-storm,alexstrasza,alexstrasza-laugh-1.ogg,2.0,-99.0,capped
heroes-of-the-storm,alexstrasza,alexstrasza-laugh-2.ogg,1.993,-99.0,capped
heroes-of-the-storm,alexstrasza,alexstrasza-pissed-1.ogg,2.0,-99.0,capped
heroes-of-the-storm,alexstrasza,alexstrasza-pissed-2.ogg,2.0,-99.0,capped
heroes-of-the-storm,alexstrasza,alexstrasza-yes-0.ogg,2.0,-99.0,capped
heroes-of-the-storm,alexstrasza,alexstrasza-yes-1.ogg,2.0,-99.0,capped
heroes-of-the-storm,ana,ana-ai-goodjob-1.ogg,2.0,-99.0,capped
heroes-of-the-storm,ana,ana-introboast-0.ogg,2.0,-99.0,capped
heroes-of-the-storm,ana,ana-introboast-1.ogg,2.0,-99.0,capped
heroes-of-the-storm,ana,ana-introquestion-0.ogg,2.0,-99.0,capped
heroes-of-the-storm,ana,ana-introquestion-1.ogg,2.0,-99.0,capped
heroes-of-the-storm,ana,ana-laugh-0.ogg,2.0,-99.0,capped
heroes-of-the-storm,ana,ana-laugh-1.ogg,2.0,-99.0,capped
heroes-of-the-storm,ana,ana-laugh-2.ogg,1.993,-99.0,capped
heroes-of-the-storm,ana,ana-pissed-2.ogg,2.0,-99.0,capped
heroes-of-the-storm,anduin,anduin-introboast-0.ogg,2.0,-99.0,capped
heroes-of-the-storm,anduin,anduin-introboast-1.ogg,2.0,-99.0,capped
heroes-of-the-storm,anduin,anduin-introquestion-0.ogg,2.0,-99.0,capped
heroes-of-the-storm,anduin,anduin-introquestion-1.ogg,2.0,-99.0,capped
heroes-of-the-storm,anduin,anduin-pissed-1.ogg,2.0,-99.0,capped
heroes-of-the-storm,anduin,anduin-pissed-2.ogg,1.993,-99.0,capped
heroes-of-the-storm,anub-arak,anub-arak-ai-goodjob-1.ogg,2.0,-99.0,capped
heroes-of-the-storm,anub-arak,anub-arak-introboast-0.ogg,2.0,-99.0,capped
heroes-of-the-storm,anub-arak,anub-arak-introboast-1.ogg,1.993,-99.0,capped
heroes-of-the-storm,anub-arak,anub-arak-introquestion-0.ogg,2.0,-99.0,capped
heroes-of-the-storm,anub-arak,anub-arak-introquestion-1.ogg,2.0,-99.0,capped
heroes-of-the-storm,anub-arak,anub-arak-laugh00-0.ogg,2.0,-99.0,capped
heroes-of-the-storm,anub-arak,anub-arak-laugh00-2.ogg,2.0,-99.0,capped
heroes-of-the-storm,anub-arak,anub-arak-pissed-1.ogg,1.993,-99.0,capped
heroes-of-the-storm,anub-arak,anub-arak-pissed-2.ogg,2.0,-99.0,capped
heroes-of-the-storm,anub-arak,anub-arak-yes-0.ogg,2.0,-99.0,capped
heroes-of-the-storm,anub-arak,anub-arak-yes-1.ogg,1.993,-99.0,capped
heroes-of-the-storm,artanis,artanis-ai-goodjob-1.ogg,2.0,-99.0,capped
heroes-of-the-storm,artanis,artanis-introboast-0.ogg,2.0,-99.0,capped
heroes-of-the-storm,artanis,artanis-introboast-1.ogg,2.0,-99.0,capped
heroes-of-the-storm,artanis,artanis-introquestion-0.ogg,2.0,-99.0,capped
heroes-of-the-storm,artanis,artanis-introquestion-1.ogg,2.0,-99.0,capped
heroes-of-the-storm,artanis,artanis-pissed-1.ogg,2.0,-99.0,capped
heroes-of-the-storm,artanis,artanis-pissed-2.ogg,2.0,-99.0,capped
heroes-of-the-storm,artanis,artanis-taunt-0.ogg,2.0,-99.0,capped
heroes-of-the-storm,artanis,artanis-taunt-1.ogg,2.0,-99.0,capped
heroes-of-the-storm,arthas,arthas-introquestion-jaina-0.ogg,2.0,-99.0,capped
heroes-of-the-storm,arthas,arthas-introquestion-muradin-0.ogg,2.0,-99.0,capped
heroes-of-the-storm,arthas,arthas-introquestion-murky-0.ogg,2.0,-99.0,capped
heroes-of-the-storm,arthas,arthas-introquestion-uther-0.ogg,2.0,-99.0,capped
heroes-of-the-storm,arthas,arthas-killillidan-0.ogg,2.0,-99.0,capped
heroes-of-the-storm,arthas,arthas-killkerrigan-0.ogg,2.0,-99.0,capped
heroes-of-the-storm,arthas,arthas-killmuradin-0.ogg,1.993,-99.0,capped
heroes-of-the-storm,arthas,arthas-pissed-0.ogg,2.0,-99.0,capped
heroes-of-the-storm,arthas,arthas-pissed-1.ogg,2.0,-99.0,capped
heroes-of-the-storm,arthas,arthas-pissed-2.ogg,2.0,-99.0,capped
heroes-of-the-storm,auriel,auriel-ai-goodjob-0.ogg,2.0,-99.0,capped
heroes-of-the-storm,auriel,auriel-ai-goodjob-1.ogg,2.0,-99.0,capped
heroes-of-the-storm,auriel,auriel-introboast-0.ogg,2.0,-99.0,capped
heroes-of-the-storm,auriel,auriel-introboast-1.ogg,2.0,-99.0,capped
heroes-of-the-storm,auriel,auriel-introquestion-0.ogg,2.0,-99.0,capped
heroes-of-the-storm,auriel,auriel-introquestion-1.ogg,2.0,-99.0,capped
heroes-of-the-storm,auriel,auriel-laugh-1.ogg,2.0,-99.0,capped
heroes-of-the-storm,auriel,auriel-laugh-2.ogg,2.0,-99.0,capped
heroes-of-the-storm,auriel,auriel-pissed-0.ogg,2.0,-99.0,capped
heroes-of-the-storm,auriel,auriel-pissed-1.ogg,2.0,-99.0,capped
heroes-of-the-storm,auriel,auriel-pissed-2.ogg,2.0,-99.0,capped
heroes-of-the-storm,auriel,auriel-yes-0.ogg,2.0,-99.0,capped
heroes-of-the-storm,auriel,auriel-yes-1.ogg,2.0,-99.0,capped
heroes-of-the-storm,azmodan,azmodan-ai-goodjob-0.ogg,2.0,-99.0,capped
heroes-of-the-storm,azmodan,azmodan-ai-goodjob-1.ogg,2.0,-99.0,capped
heroes-of-the-storm,azmodan,azmodan-introboast-0.ogg,2.0,-99.0,capped
heroes-of-the-storm,azmodan,azmodan-introboast-1.ogg,2.0,-99.0,capped
heroes-of-the-storm,azmodan,azmodan-introquestion-0.ogg,2.0,-99.0,capped
heroes-of-the-storm,azmodan,azmodan-introquestion-1.ogg,2.0,-99.0,capped
heroes-of-the-storm,azmodan,azmodan-laugh-0.ogg,2.0,-99.0,capped
heroes-of-the-storm,azmodan,azmodan-pissed-0.ogg,2.0,-99.0,capped
heroes-of-the-storm,azmodan,azmodan-pissed-1.ogg,2.0,-99.0,capped
heroes-of-the-storm,azmodan,azmodan-pissed-2.ogg,1.993,-99.0,capped
heroes-of-the-storm,azmodan,azmodan-taunt-0.ogg,2.0,-99.0,capped
heroes-of-the-storm,azmodan,azmodan-taunt-1.ogg,2.0,-99.0,capped
heroes-of-the-storm,azmodan,azmodan-yes-1.ogg,2.0,-99.0,capped
heroes-of-the-storm,blaze,blaze-ai-goodjob-0.ogg,2.009,-99.0,capped
heroes-of-the-storm,blaze,blaze-ai-goodjob-1.ogg,2.0,-99.0,capped
heroes-of-the-storm,blaze,blaze-introboast-0.ogg,2.0,-99.0,capped
heroes-of-the-storm,blaze,blaze-introboast-1.ogg,2.0,-99.0,capped
heroes-of-the-storm,blaze,blaze-introquestion-0.ogg,2.0,-99.0,capped
heroes-of-the-storm,blaze,blaze-introquestion-1.ogg,2.0,-99.0,capped
heroes-of-the-storm,blaze,blaze-introresponse-yes-0.ogg,2.0,-99.0,capped
heroes-of-the-storm,blaze,blaze-laugh-0.ogg,2.0,-99.0,capped
heroes-of-the-storm,blaze,blaze-laugh-1.ogg,2.0,-99.0,capped
heroes-of-the-storm,blaze,blaze-laugh-2.ogg,2.0,-99.0,capped
heroes-of-the-storm,blaze,blaze-pissed-0.ogg,2.0,-99.0,capped
heroes-of-the-storm,blaze,blaze-pissed-1.ogg,2.0,-99.0,capped
heroes-of-the-storm,blaze,blaze-pissed-2.ogg,1.995,-99.0,capped
heroes-of-the-storm,blaze,blaze-yes-0.ogg,2.0,-99.0,capped
heroes-of-the-storm,brightwing,brightwing-ai-goodjob-0.ogg,2.0,-99.0,capped
heroes-of-the-storm,brightwing,brightwing-ai-goodjob-1.ogg,2.0,-99.0,capped
heroes-of-the-storm,brightwing,brightwing-introboast-0.ogg,1.993,-99.0,capped
heroes-of-the-storm,brightwing,brightwing-introboast-1.ogg,2.0,-99.0,capped
heroes-of-the-storm,brightwing,brightwing-introquestion-0.ogg,2.0,-99.0,capped
heroes-of-the-storm,brightwing,brightwing-introquestion-1.ogg,2.0,-99.0,capped
heroes-of-the-storm,brightwing,brightwing-pissed-0.ogg,2.0,-99.0,capped
heroes-of-the-storm,brightwing,brightwing-pissed-1.ogg,1.993,-99.0,capped
heroes-of-the-storm,brightwing,brightwing-pissed-2.ogg,2.0,-99.0,capped
heroes-of-the-storm,brightwing,brightwing-taunt-1.ogg,2.0,-99.0,capped
heroes-of-the-storm,brightwing,brightwing-taunt-2.ogg,2.0,-99.0,capped
heroes-of-the-storm,brightwing,brightwing-yes-0.ogg,2.0,-99.0,capped
heroes-of-the-storm,cassia,cassia-ai-goodjob-1.ogg,2.0,-99.0,capped
heroes-of-the-storm,cassia,cassia-introboast-0.ogg,2.0,-99.0,capped
heroes-of-the-storm,cassia,cassia-introboast-1.ogg,2.003,-99.0,capped
heroes-of-the-storm,cassia,cassia-introquestion-0.ogg,2.0,-99.0,capped
heroes-of-the-storm,cassia,cassia-introquestion-1.ogg,2.0,-99.0,capped
heroes-of-the-storm,cassia,cassia-laugh-2.ogg,2.0,-99.0,capped
heroes-of-the-storm,cassia,cassia-pissed-1.ogg,1.995,-99.0,capped
heroes-of-the-storm,cassia,cassia-pissed-2.ogg,1.993,-99.0,capped
heroes-of-the-storm,chen,chen-ai-goodjob-0.ogg,2.0,-99.0,capped
heroes-of-the-storm,chen,chen-ai-goodjob-1.ogg,2.0,-99.0,capped
heroes-of-the-storm,chen,chen-introboast-0.ogg,2.0,-99.0,capped
heroes-of-the-storm,chen,chen-introboast-1.ogg,2.0,-99.0,capped
heroes-of-the-storm,chen,chen-introquestion-0.ogg,2.0,-99.0,capped
heroes-of-the-storm,chen,chen-introquestion-1.ogg,2.0,-99.0,capped
heroes-of-the-storm,chen,chen-laugh00-0.ogg,2.0,-99.0,capped
heroes-of-the-storm,chen,chen-laugh00-1.ogg,1.993,-99.0,capped
heroes-of-the-storm,chen,chen-laugh00-2.ogg,2.0,-99.0,capped
heroes-of-the-storm,chen,chen-pissed-1.ogg,2.0,-99.0,capped
heroes-of-the-storm,chen,chen-pissed-2.ogg,2.0,-99.0,capped
heroes-of-the-storm,chen,chen-yes-0.ogg,2.0,-99.0,capped
heroes-of-the-storm,chen,chen-yes-1.ogg,2.0,-99.0,capped
heroes-of-the-storm,cho,cho-ai-goodjob-0.ogg,2.0,-99.0,capped
heroes-of-the-storm,cho,cho-ai-goodjob-1.ogg,2.0,-99.0,capped
heroes-of-the-storm,cho,cho-introboast-0.ogg,2.0,-99.0,capped
heroes-of-the-storm,cho,cho-introboast-1.ogg,1.993,-99.0,capped
heroes-of-the-storm,cho,cho-introquestion-0.ogg,2.0,-99.0,capped
heroes-of-the-storm,cho,cho-introquestion-1.ogg,1.993,-99.0,capped
heroes-of-the-storm,cho,cho-laugh-0.ogg,2.0,-99.0,capped
heroes-of-the-storm,cho,cho-laugh-1.ogg,2.0,-99.0,capped
heroes-of-the-storm,cho,cho-pissed-1.ogg,2.0,-99.0,capped
heroes-of-the-storm,cho,cho-pissed-2.ogg,1.993,-99.0,capped
heroes-of-the-storm,cho,cho-yes-0.ogg,2.0,-99.0,capped
heroes-of-the-storm,cho,cho-yes-1.ogg,2.0,-99.0,capped
heroes-of-the-storm,chromie,chromie-ai-goodjob-1.ogg,2.0,-99.0,capped
heroes-of-the-storm,chromie,chromie-introboast-0.ogg,2.0,-99.0,capped
heroes-of-the-storm,chromie,chromie-introboast-1.ogg,2.0,-99.0,capped
heroes-of-the-storm,chromie,chromie-introquestion-0.ogg,2.0,-99.0,capped
heroes-of-the-storm,chromie,chromie-introquestion-1.ogg,2.0,-99.0,capped
heroes-of-the-storm,chromie,chromie-introresponse-yes-0.ogg,2.0,-99.0,capped
heroes-of-the-storm,chromie,chromie-pissed-0.ogg,2.0,-99.0,capped
heroes-of-the-storm,chromie,chromie-pissed-1.ogg,2.0,-99.0,capped
heroes-of-the-storm,chromie,chromie-pissed-2.ogg,2.0,-99.0,capped
heroes-of-the-storm,chromie,chromie-yes-0.ogg,2.0,-99.0,capped
heroes-of-the-storm,deathwing,deathwing-ai-goodjob-0.ogg,1.993,-99.0,capped
heroes-of-the-storm,deathwing,deathwing-ai-goodjob-1.ogg,2.0,-99.0,capped
heroes-of-the-storm,deathwing,deathwing-introboast-0.ogg,1.993,-99.0,capped
heroes-of-the-storm,deathwing,deathwing-introboast-1.ogg,2.0,-99.0,capped
heroes-of-the-storm,deathwing,deathwing-introquestion-0.ogg,1.993,-99.0,capped
heroes-of-the-storm,deathwing,deathwing-introquestion-1.ogg,2.0,-99.0,capped
heroes-of-the-storm,deathwing,deathwing-laugh-0.ogg,2.0,-99.0,capped
heroes-of-the-storm,deathwing,deathwing-laugh-1.ogg,2.0,-99.0,capped
heroes-of-the-storm,deathwing,deathwing-laugh-2.ogg,2.0,-99.0,capped
heroes-of-the-storm,deathwing,deathwing-pissed-1.ogg,2.0,-99.0,capped
heroes-of-the-storm,deathwing,deathwing-pissed-2.ogg,2.0,-99.0,capped
heroes-of-the-storm,deathwing,deathwing-yes-0.ogg,2.0,-99.0,capped
heroes-of-the-storm,deathwing,deathwing-yes-1.ogg,2.0,-99.0,capped
heroes-of-the-storm,deckard-cain,deckard-cain-ai-goodjob-0.ogg,2.0,-99.0,capped
heroes-of-the-storm,deckard-cain,deckard-cain-ai-goodjob-1.ogg,2.0,-99.0,capped
heroes-of-the-storm,deckard-cain,deckard-cain-introboast-0.ogg,2.0,-99.0,capped
heroes-of-the-storm,deckard-cain,deckard-cain-introboast-1.ogg,2.0,-99.0,capped
heroes-of-the-storm,deckard-cain,deckard-cain-introquestion-0.ogg,1.993,-99.0,capped
heroes-of-the-storm,deckard-cain,deckard-cain-introquestion-1.ogg,2.0,-99.0,capped
heroes-of-the-storm,deckard-cain,deckard-cain-pissed-0.ogg,2.0,-99.0,capped
heroes-of-the-storm,deckard-cain,deckard-cain-pissed-1.ogg,2.0,-99.0,capped
heroes-of-the-storm,deckard-cain,deckard-cain-pissed-2.ogg,2.0,-99.0,capped
heroes-of-the-storm,dehaka,dehaka-ai-goodjob-0.ogg,2.0,-99.0,capped
heroes-of-the-storm,dehaka,dehaka-ai-goodjob-1.ogg,2.006,-99.0,capped
heroes-of-the-storm,dehaka,dehaka-introboast-0.ogg,2.0,-99.0,capped
heroes-of-the-storm,dehaka,dehaka-introboast-1.ogg,2.0,-99.0,capped
heroes-of-the-storm,dehaka,dehaka-introquestion-0.ogg,2.0,-99.0,capped
heroes-of-the-storm,dehaka,dehaka-introquestion-1.ogg,2.0,-99.0,capped
heroes-of-the-storm,dehaka,dehaka-laugh-0.ogg,2.0,-99.0,capped
heroes-of-the-storm,dehaka,dehaka-laugh-1.ogg,2.0,-99.0,capped
heroes-of-the-storm,dehaka,dehaka-laugh-2.ogg,2.0,-99.0,capped
heroes-of-the-storm,dehaka,dehaka-pissed-0.ogg,2.0,-99.0,capped
heroes-of-the-storm,dehaka,dehaka-pissed-1.ogg,2.0,-99.0,capped
heroes-of-the-storm,dehaka,dehaka-pissed-2.ogg,2.0,-99.0,capped
heroes-of-the-storm,diablo,diablo-introboast-0.ogg,2.0,-99.0,capped
heroes-of-the-storm,diablo,diablo-introboast-1.ogg,2.0,-99.0,capped
heroes-of-the-storm,diablo,diablo-introquestion-0.ogg,2.0,-99.0,capped
heroes-of-the-storm,diablo,diablo-introquestion-murky-0.ogg,2.0,-99.0,capped
heroes-of-the-storm,diablo,diablo-taunt-0.ogg,2.0,-99.0,capped
heroes-of-the-storm,diablo,diablo-taunt-1.ogg,2.0,-99.0,capped
heroes-of-the-storm,diablo,diablo-taunt-2.ogg,2.0,-99.0,capped
heroes-of-the-storm,diablo,diablo-worthit-0.ogg,2.0,-99.0,capped
heroes-of-the-storm,diablo,diablo-worthit-1.ogg,2.0,-99.0,capped
heroes-of-the-storm,dva,dva-ai-goodjob-1.ogg,2.0,-99.0,capped
heroes-of-the-storm,dva,dva-introboast-1.ogg,2.0,-99.0,capped
heroes-of-the-storm,dva,dva-introquestion-0.ogg,2.0,-99.0,capped
heroes-of-the-storm,dva,dva-introquestion-1.ogg,2.0,-99.0,capped
heroes-of-the-storm,dva,dva-laugh-1.ogg,2.0,-99.0,capped
heroes-of-the-storm,dva,dva-laugh-2.ogg,2.0,-99.0,capped
heroes-of-the-storm,dva,dva-pissed-0.ogg,2.0,-99.0,capped
heroes-of-the-storm,dva,dva-pissed-1.ogg,2.0,-99.0,capped
heroes-of-the-storm,dva,dva-pissed-2.ogg,1.993,-99.0,capped
heroes-of-the-storm,etc,etc-ai-goodjob-0.ogg,1.993,-99.0,capped
heroes-of-the-storm,etc,etc-ai-goodjob-1.ogg,2.0,-99.0,capped
heroes-of-the-storm,etc,etc-introboast-0.ogg,2.0,-99.0,capped
heroes-of-the-storm,etc,etc-introboast-1.ogg,1.993,-99.0,capped
heroes-of-the-storm,etc,etc-introquestion-0.ogg,2.0,-99.0,capped
heroes-of-the-storm,etc,etc-introquestion-deathwing-0.ogg,2.0,-99.0,capped
heroes-of-the-storm,etc,etc-pissed-2.ogg,2.0,-99.0,capped
heroes-of-the-storm,etc,etc-taunt-0.ogg,2.0,-99.0,capped
heroes-of-the-storm,etc,etc-taunt-1.ogg,2.0,-99.0,capped
heroes-of-the-storm,etc,etc-taunt-2.ogg,2.0,-99.0,capped
heroes-of-the-storm,falstad,falstad-introboast-0.ogg,1.993,-99.0,capped
heroes-of-the-storm,falstad,falstad-introboast-1.ogg,2.0,-99.0,capped
heroes-of-the-storm,falstad,falstad-introquestion-0.ogg,2.0,-99.0,capped
heroes-of-the-storm,falstad,falstad-introquestion-1.ogg,2.0,-99.0,capped
heroes-of-the-storm,falstad,falstad-pissed-2.ogg,1.993,-99.0,capped
heroes-of-the-storm,falstad,falstad-taunt-0.ogg,2.0,-99.0,capped
heroes-of-the-storm,falstad,falstad-taunt-1.ogg,2.0,-99.0,capped
heroes-of-the-storm,falstad,falstad-taunt-2.ogg,2.0,-99.0,capped
heroes-of-the-storm,fenix,fenix-ai-goodjob-0.ogg,2.0,-99.0,capped
heroes-of-the-storm,fenix,fenix-ai-goodjob-1.ogg,2.0,-99.0,capped
heroes-of-the-storm,fenix,fenix-introboast-0.ogg,2.0,-99.0,capped
heroes-of-the-storm,fenix,fenix-introboast-1.ogg,2.0,-99.0,capped
heroes-of-the-storm,fenix,fenix-introquestion-0.ogg,2.0,-99.0,capped
heroes-of-the-storm,fenix,fenix-introquestion-1.ogg,2.0,-99.0,capped
heroes-of-the-storm,fenix,fenix-laugh-2.ogg,1.993,-99.0,capped
heroes-of-the-storm,fenix,fenix-pissed-1.ogg,2.0,-99.0,capped
heroes-of-the-storm,fenix,fenix-pissed-2.ogg,2.0,-99.0,capped
heroes-of-the-storm,fenix,fenix-yes-0.ogg,2.0,-99.0,capped
heroes-of-the-storm,fenix,fenix-yes-1.ogg,2.0,-99.0,capped
heroes-of-the-storm,gall,gall-laugh-2.ogg,2.0,-99.0,capped
heroes-of-the-storm,gall,gall-yes-0.ogg,2.0,-99.0,capped
heroes-of-the-storm,gall,gall-yes-1.ogg,2.0,-99.0,capped
heroes-of-the-storm,garrosh,garrosh-ai-goodjob-0.ogg,2.0,-99.0,capped
heroes-of-the-storm,garrosh,garrosh-ai-goodjob-1.ogg,2.0,-99.0,capped
heroes-of-the-storm,garrosh,garrosh-introboast-0.ogg,1.993,-99.0,capped
heroes-of-the-storm,garrosh,garrosh-introboast-1.ogg,1.993,-99.0,capped
heroes-of-the-storm,garrosh,garrosh-introquestion-0.ogg,2.0,-99.0,capped
heroes-of-the-storm,garrosh,garrosh-introquestion-1.ogg,2.0,-99.0,capped
heroes-of-the-storm,garrosh,garrosh-laugh-2.ogg,2.0,-99.0,capped
heroes-of-the-storm,garrosh,garrosh-pissed-2.ogg,2.0,-99.0,capped
heroes-of-the-storm,garrosh,garrosh-yes-0.ogg,2.0,-99.0,capped
heroes-of-the-storm,garrosh,garrosh-yes-1.ogg,2.0,-99.0,capped
heroes-of-the-storm,gazlowe,gazlowe-ai-goodjob-0.ogg,2.0,-99.0,capped
heroes-of-the-storm,gazlowe,gazlowe-ai-goodjob-1.ogg,1.993,-99.0,capped
heroes-of-the-storm,gazlowe,gazlowe-introboast-0.ogg,2.0,-99.0,capped
heroes-of-the-storm,gazlowe,gazlowe-introboast-1.ogg,2.0,-99.0,capped
heroes-of-the-storm,gazlowe,gazlowe-introquestion-0.ogg,2.0,-99.0,capped
heroes-of-the-storm,gazlowe,gazlowe-introquestion-1.ogg,2.0,-99.0,capped
heroes-of-the-storm,gazlowe,gazlowe-pissed-0.ogg,2.0,-99.0,capped
heroes-of-the-storm,gazlowe,gazlowe-pissed-1.ogg,2.0,-99.0,capped
heroes-of-the-storm,gazlowe,gazlowe-pissed-2.ogg,2.0,-99.0,capped
heroes-of-the-storm,gazlowe,gazlowe-taunt-0.ogg,2.0,-99.0,capped
heroes-of-the-storm,gazlowe,gazlowe-taunt-1.ogg,2.0,-99.0,capped
heroes-of-the-storm,gazlowe,gazlowe-taunt-2.ogg,1.993,-99.0,capped
heroes-of-the-storm,genji,genji-introboast-0.ogg,2.0,-99.0,capped
heroes-of-the-storm,genji,genji-introboast-1.ogg,2.0,-99.0,capped
heroes-of-the-storm,genji,genji-introquestion-1.ogg,2.0,-99.0,capped
heroes-of-the-storm,genji,genji-pissed-2.ogg,2.0,-99.0,capped
heroes-of-the-storm,genji,genji-yes-0.ogg,2.0,-99.0,capped
heroes-of-the-storm,greymane,greymane-ai-goodjob-1.ogg,2.0,-99.0,capped
heroes-of-the-storm,greymane,greymane-introboast-0.ogg,2.0,-99.0,capped
heroes-of-the-storm,greymane,greymane-introboast-1.ogg,2.0,-99.0,capped
heroes-of-the-storm,greymane,greymane-introquestion-0.ogg,2.0,-99.0,capped
heroes-of-the-storm,greymane,greymane-introquestion-1.ogg,2.0,-99.0,capped
heroes-of-the-storm,greymane,greymane-laugh-0.ogg,2.0,-99.0,capped
heroes-of-the-storm,greymane,greymane-laugh-1.ogg,1.99,-99.0,capped
heroes-of-the-storm,greymane,greymane-laugh-2.ogg,1.993,-99.0,capped
heroes-of-the-storm,greymane,greymane-pissed-0.ogg,2.0,-99.0,capped
heroes-of-the-storm,greymane,greymane-pissed-1.ogg,2.0,-99.0,capped
heroes-of-the-storm,greymane,greymane-pissed-2.ogg,2.0,-99.0,capped
heroes-of-the-storm,greymane,greymane-yes-0.ogg,2.0,-99.0,capped
heroes-of-the-storm,greymane,greymane-yes-1.ogg,2.0,-99.0,capped
heroes-of-the-storm,guldan,guldan-ai-goodjob-0.ogg,2.0,-99.0,capped
heroes-of-the-storm,guldan,guldan-ai-goodjob-1.ogg,2.0,-99.0,capped
heroes-of-the-storm,guldan,guldan-introboast-0.ogg,2.0,-99.0,capped
heroes-of-the-storm,guldan,guldan-introboast-1.ogg,2.0,-99.0,capped
heroes-of-the-storm,guldan,guldan-introquestion-0.ogg,2.0,-99.0,capped
heroes-of-the-storm,guldan,guldan-introquestion-1.ogg,2.003,-99.0,capped
heroes-of-the-storm,guldan,guldan-laugh-1.ogg,2.0,-99.0,capped
heroes-of-the-storm,guldan,guldan-laugh-2.ogg,2.0,-99.0,capped
heroes-of-the-storm,guldan,guldan-pissed-0.ogg,2.0,-99.0,capped
heroes-of-the-storm,guldan,guldan-pissed-1.ogg,2.0,-99.0,capped
heroes-of-the-storm,guldan,guldan-pissed-2.ogg,2.0,-99.0,capped
heroes-of-the-storm,guldan,guldan-yes-0.ogg,2.0,-99.0,capped
heroes-of-the-storm,guldan,guldan-yes-1.ogg,2.0,-99.0,capped
heroes-of-the-storm,hanzo,hanzo-introboast-0.ogg,2.0,-99.0,capped
heroes-of-the-storm,hanzo,hanzo-laugh-1.ogg,2.0,-99.0,capped
heroes-of-the-storm,hanzo,hanzo-laugh-2.ogg,2.0,-99.0,capped
heroes-of-the-storm,hanzo,hanzo-pissed-2.ogg,2.0,-99.0,capped
heroes-of-the-storm,hogger,hogger-ai-goodjob-0.ogg,2.0,-99.0,capped
heroes-of-the-storm,hogger,hogger-ai-goodjob-1.ogg,2.0,-99.0,capped
heroes-of-the-storm,hogger,hogger-introboast-0.ogg,2.0,-99.0,capped
heroes-of-the-storm,hogger,hogger-introboast-1.ogg,2.0,-99.0,capped
heroes-of-the-storm,hogger,hogger-introquestion-0.ogg,2.0,-99.0,capped
heroes-of-the-storm,hogger,hogger-introquestion-1.ogg,2.0,-99.0,capped
heroes-of-the-storm,hogger,hogger-laugh-0.ogg,2.0,-99.0,capped
heroes-of-the-storm,hogger,hogger-laugh-1.ogg,1.993,-99.0,capped
heroes-of-the-storm,hogger,hogger-pissed-2.ogg,1.989,-99.0,capped
heroes-of-the-storm,hogger,hogger-teamkill-0.ogg,2.0,-99.0,capped
heroes-of-the-storm,illidan,illidan-ai-goodjob-0.ogg,2.0,-99.0,capped
heroes-of-the-storm,illidan,illidan-ai-goodjob-1.ogg,2.0,-99.0,capped
heroes-of-the-storm,illidan,illidan-introboast-0.ogg,2.0,-99.0,capped
heroes-of-the-storm,illidan,illidan-introboast-1.ogg,1.998,-99.0,capped
heroes-of-the-storm,illidan,illidan-introquestion-0.ogg,2.0,-99.0,capped
heroes-of-the-storm,illidan,illidan-introquestion-1.ogg,2.0,-99.0,capped
heroes-of-the-storm,illidan,illidan-pissed-0.ogg,2.0,-99.0,capped
heroes-of-the-storm,illidan,illidan-pissed-1.ogg,2.0,-99.0,capped
heroes-of-the-storm,illidan,illidan-pissed-2.ogg,2.003,-99.0,capped
heroes-of-the-storm,illidan,illidan-taunt-0.ogg,2.0,-99.0,capped
heroes-of-the-storm,illidan,illidan-taunt-1.ogg,1.993,-99.0,capped
heroes-of-the-storm,illidan,illidan-taunt-2.ogg,2.0,-99.0,capped
heroes-of-the-storm,illidan,illidan-yes-1.ogg,1.993,-99.0,capped
heroes-of-the-storm,imperius,imperius-ai-goodjob-0.ogg,2.0,-99.0,capped
heroes-of-the-storm,imperius,imperius-ai-goodjob-1.ogg,2.0,-99.0,capped
heroes-of-the-storm,imperius,imperius-introboast-0.ogg,2.0,-99.0,capped
heroes-of-the-storm,imperius,imperius-introboast-1.ogg,2.0,-99.0,capped
heroes-of-the-storm,imperius,imperius-introquestion-0.ogg,2.0,-99.0,capped
heroes-of-the-storm,imperius,imperius-introquestion-1.ogg,2.0,-99.0,capped
heroes-of-the-storm,imperius,imperius-introresponse-laugh-0.ogg,2.0,-99.0,capped
heroes-of-the-storm,imperius,imperius-laugh00-0.ogg,2.0,-99.0,capped
heroes-of-the-storm,imperius,imperius-laugh00-1.ogg,2.0,-99.0,capped
heroes-of-the-storm,imperius,imperius-pissed-1.ogg,2.0,-99.0,capped
heroes-of-the-storm,imperius,imperius-yes-0.ogg,2.0,-99.0,capped
heroes-of-the-storm,jaina,jaina-introboast-0.ogg,2.0,-99.0,capped
heroes-of-the-storm,jaina,jaina-introboast-1.ogg,2.0,-99.0,capped
heroes-of-the-storm,jaina,jaina-introquestion-0.ogg,2.0,-99.0,capped
heroes-of-the-storm,jaina,jaina-pissed-1.ogg,2.0,-99.0,capped
heroes-of-the-storm,jaina,jaina-pissed-2.ogg,1.993,-99.0,capped
heroes-of-the-storm,johanna,johanna-introboast-0.ogg,2.0,-99.0,capped
heroes-of-the-storm,johanna,johanna-introboast-1.ogg,2.0,-99.0,capped
heroes-of-the-storm,johanna,johanna-introquestion-0.ogg,2.0,-99.0,capped
heroes-of-the-storm,johanna,johanna-laugh-0.ogg,2.0,-99.0,capped
heroes-of-the-storm,johanna,johanna-pissed-1.ogg,2.0,-99.0,capped
heroes-of-the-storm,johanna,johanna-pissed-2.ogg,2.0,-99.0,capped
heroes-of-the-storm,junkrat,junkrat-introboast-0.ogg,2.0,-99.0,capped
heroes-of-the-storm,junkrat,junkrat-introboast-1.ogg,2.0,-99.0,capped
heroes-of-the-storm,junkrat,junkrat-introquestion-0.ogg,2.0,-99.0,capped
heroes-of-the-storm,junkrat,junkrat-introquestion-1.ogg,2.0,-99.0,capped
heroes-of-the-storm,junkrat,junkrat-laugh00-alt-1.ogg,2.0,-99.0,capped
heroes-of-the-storm,junkrat,junkrat-pissed-1.ogg,2.0,-99.0,capped
heroes-of-the-storm,junkrat,junkrat-pissed-2.ogg,1.993,-99.0,capped
heroes-of-the-storm,kaelthas,kaelthas-introboast-0.ogg,2.0,-99.0,capped
heroes-of-the-storm,kaelthas,kaelthas-introboast-1.ogg,1.995,-99.0,capped
heroes-of-the-storm,kaelthas,kaelthas-introquestion-0.ogg,2.0,-99.0,capped
heroes-of-the-storm,kaelthas,kaelthas-introquestion-1.ogg,1.993,-99.0,capped
heroes-of-the-storm,kaelthas,kaelthas-laugh-0.ogg,2.0,-99.0,capped
heroes-of-the-storm,kaelthas,kaelthas-laugh-2.ogg,2.0,-99.0,capped
heroes-of-the-storm,kaelthas,kaelthas-pissed-0.ogg,2.0,-99.0,capped
heroes-of-the-storm,kaelthas,kaelthas-pissed-1.ogg,2.0,-99.0,capped
heroes-of-the-storm,kaelthas,kaelthas-pissed-2.ogg,2.0,-99.0,capped
heroes-of-the-storm,kaelthas,kaelthas-yes-1.ogg,2.0,-99.0,capped
heroes-of-the-storm,kelthuzad,kelthuzad-ai-goodjob-0.ogg,2.0,-99.0,capped
heroes-of-the-storm,kelthuzad,kelthuzad-ai-goodjob-1.ogg,2.0,-99.0,capped
heroes-of-the-storm,kelthuzad,kelthuzad-introboast-0.ogg,2.0,-99.0,capped
heroes-of-the-storm,kelthuzad,kelthuzad-introboast-1.ogg,2.0,-99.0,capped
heroes-of-the-storm,kelthuzad,kelthuzad-introquestion-0.ogg,2.0,-99.0,capped
heroes-of-the-storm,kelthuzad,kelthuzad-introquestion-1.ogg,2.0,-99.0,capped
heroes-of-the-storm,kelthuzad,kelthuzad-laugh-0.ogg,1.993,-99.0,capped
heroes-of-the-storm,kelthuzad,kelthuzad-laugh-1.ogg,2.0,-99.0,capped
heroes-of-the-storm,kelthuzad,kelthuzad-laugh-2.ogg,2.0,-99.0,capped
heroes-of-the-storm,kelthuzad,kelthuzad-pissed-1.ogg,2.0,-99.0,capped
heroes-of-the-storm,kelthuzad,kelthuzad-pissed-2.ogg,2.0,-99.0,capped
heroes-of-the-storm,kelthuzad,kelthuzad-yes-0.ogg,2.0,-99.0,capped
heroes-of-the-storm,kerrigan,kerrigan-introboast-0.ogg,1.993,-99.0,capped
heroes-of-the-storm,kerrigan,kerrigan-introboast-1.ogg,2.0,-99.0,capped
heroes-of-the-storm,kerrigan,kerrigan-introquestion-0.ogg,2.0,-99.0,capped
heroes-of-the-storm,kerrigan,kerrigan-introquestion-1.ogg,2.0,-99.0,capped
heroes-of-the-storm,kerrigan,kerrigan-pissed-2.ogg,1.993,-99.0,capped
heroes-of-the-storm,kerrigan,kerrigan-taunt-0.ogg,2.0,-99.0,capped
heroes-of-the-storm,kerrigan,kerrigan-taunt-1.ogg,2.0,-99.0,capped
heroes-of-the-storm,kerrigan,kerrigan-taunt-2.ogg,2.0,-99.0,capped
heroes-of-the-storm,kerrigan,kerrigan-worthit-0.ogg,2.0,-99.0,capped
heroes-of-the-storm,kharazim,kharazim-ai-goodjob-0.ogg,2.0,-99.0,capped
heroes-of-the-storm,kharazim,kharazim-introboast-0.ogg,2.0,-99.0,capped
heroes-of-the-storm,kharazim,kharazim-introboast-1.ogg,2.0,-99.0,capped
heroes-of-the-storm,kharazim,kharazim-introquestion-0.ogg,2.0,-99.0,capped
heroes-of-the-storm,kharazim,kharazim-introquestion-1.ogg,2.0,-99.0,capped
heroes-of-the-storm,kharazim,kharazim-laugh00-0.ogg,2.0,-99.0,capped
heroes-of-the-storm,kharazim,kharazim-laugh00-1.ogg,1.993,-99.0,capped
heroes-of-the-storm,kharazim,kharazim-laugh00-2.ogg,2.0,-99.0,capped
heroes-of-the-storm,kharazim,kharazim-pissed-0.ogg,2.0,-99.0,capped
heroes-of-the-storm,kharazim,kharazim-pissed-1.ogg,2.0,-99.0,capped
heroes-of-the-storm,kharazim,kharazim-pissed-2.ogg,2.0,-99.0,capped
heroes-of-the-storm,leoric,leoric-ai-goodjob-0.ogg,2.0,-99.0,capped
heroes-of-the-storm,leoric,leoric-ai-goodjob-1.ogg,1.998,-99.0,capped
heroes-of-the-storm,leoric,leoric-introboast-0.ogg,2.0,-99.0,capped
heroes-of-the-storm,leoric,leoric-introboast-1.ogg,2.0,-99.0,capped
heroes-of-the-storm,leoric,leoric-introquestion-0.ogg,2.0,-99.0,capped
heroes-of-the-storm,leoric,leoric-introquestion-1.ogg,2.0,-99.0,capped
heroes-of-the-storm,leoric,leoric-laugh-0.ogg,1.998,-99.0,capped
heroes-of-the-storm,leoric,leoric-pissed-0.ogg,2.0,-99.0,capped
heroes-of-the-storm,leoric,leoric-pissed-1.ogg,2.0,-99.0,capped
heroes-of-the-storm,leoric,leoric-pissed-2.ogg,2.0,-99.0,capped
heroes-of-the-storm,leoric,leoric-yes-0.ogg,2.0,-99.0,capped
heroes-of-the-storm,leoric,leoric-yes-1.ogg,2.0,-99.0,capped
heroes-of-the-storm,li-li,li-li-ai-goodjob-0.ogg,2.0,-99.0,capped
heroes-of-the-storm,li-li,li-li-ai-goodjob-1.ogg,2.0,-99.0,capped
heroes-of-the-storm,li-li,li-li-introboast-0.ogg,2.0,-99.0,capped
heroes-of-the-storm,li-li,li-li-introboast-1.ogg,2.0,-99.0,capped
heroes-of-the-storm,li-li,li-li-introquestion-0.ogg,2.0,-99.0,capped
heroes-of-the-storm,li-li,li-li-introquestion-1.ogg,2.0,-99.0,capped
heroes-of-the-storm,li-li,li-li-pissed-1.ogg,2.0,-99.0,capped
heroes-of-the-storm,li-li,li-li-pissed-2.ogg,2.0,-99.0,capped
heroes-of-the-storm,li-li,li-li-taunt-0.ogg,2.0,-99.0,capped
heroes-of-the-storm,li-li,li-li-taunt-1.ogg,2.0,-99.0,capped
heroes-of-the-storm,li-li,li-li-taunt-2.ogg,2.0,-99.0,capped
heroes-of-the-storm,li-li,li-li-yes-1.ogg,2.0,-99.0,capped
heroes-of-the-storm,li-ming,li-ming-ai-goodjob-1.ogg,1.993,-99.0,capped
heroes-of-the-storm,li-ming,li-ming-introboast-0.ogg,2.0,-99.0,capped
heroes-of-the-storm,li-ming,li-ming-introboast-1.ogg,2.0,-99.0,capped
heroes-of-the-storm,li-ming,li-ming-introquestion-0.ogg,1.993,-99.0,capped
heroes-of-the-storm,li-ming,li-ming-introquestion-1.ogg,1.995,-99.0,capped
heroes-of-the-storm,li-ming,li-ming-laugh-1.ogg,2.0,-99.0,capped
heroes-of-the-storm,li-ming,li-ming-pissed-0.ogg,2.0,-99.0,capped
heroes-of-the-storm,li-ming,li-ming-pissed-1.ogg,2.0,-99.0,capped
heroes-of-the-storm,li-ming,li-ming-pissed-2.ogg,2.0,-99.0,capped
heroes-of-the-storm,lt-morales,lt-morales-ai-goodjob-1.ogg,2.0,-99.0,capped
heroes-of-the-storm,lt-morales,lt-morales-introboast-0.ogg,2.0,-99.0,capped
heroes-of-the-storm,lt-morales,lt-morales-introboast-1.ogg,2.0,-99.0,capped
heroes-of-the-storm,lt-morales,lt-morales-introquestion-1.ogg,2.0,-99.0,capped
heroes-of-the-storm,lt-morales,lt-morales-pissed-1.ogg,2.0,-99.0,capped
heroes-of-the-storm,lt-morales,lt-morales-pissed-2.ogg,1.993,-99.0,capped
heroes-of-the-storm,lucio,lucio-ai-goodjob-1.ogg,2.0,-99.0,capped
heroes-of-the-storm,lucio,lucio-introboast-0.ogg,2.0,-99.0,capped
heroes-of-the-storm,lucio,lucio-introboast-1.ogg,2.0,-99.0,capped
heroes-of-the-storm,lucio,lucio-introquestion-0.ogg,2.0,-99.0,capped
heroes-of-the-storm,lucio,lucio-introquestion-1.ogg,2.0,-99.0,capped
heroes-of-the-storm,lucio,lucio-pissed-0.ogg,2.0,-99.0,capped
heroes-of-the-storm,lucio,lucio-pissed-1.ogg,2.0,-99.0,capped
heroes-of-the-storm,lucio,lucio-pissed-2.ogg,1.993,-99.0,capped
heroes-of-the-storm,lunara,lunara-introboast-0.ogg,1.993,-99.0,capped
heroes-of-the-storm,lunara,lunara-introboast-1.ogg,2.0,-99.0,capped
heroes-of-the-storm,lunara,lunara-introquestion-0.ogg,2.0,-99.0,capped
heroes-of-the-storm,lunara,lunara-introquestion-1.ogg,2.0,-99.0,capped
heroes-of-the-storm,lunara,lunara-pissed-0.ogg,2.0,-99.0,capped
heroes-of-the-storm,lunara,lunara-pissed-1.ogg,2.0,-99.0,capped
heroes-of-the-storm,lunara,lunara-pissed-2.ogg,2.0,-99.0,capped
heroes-of-the-storm,maiev,maiev-ai-goodjob-1.ogg,2.0,-99.0,capped
heroes-of-the-storm,maiev,maiev-introboast-0.ogg,2.0,-99.0,capped
heroes-of-the-storm,maiev,maiev-introboast-1.ogg,2.0,-99.0,capped
heroes-of-the-storm,maiev,maiev-introquestion-0.ogg,2.0,-99.0,capped
heroes-of-the-storm,maiev,maiev-introquestion-1.ogg,2.0,-99.0,capped
heroes-of-the-storm,maiev,maiev-laugh-0.ogg,2.0,-99.0,capped
heroes-of-the-storm,maiev,maiev-laugh-1.ogg,2.0,-99.0,capped
heroes-of-the-storm,maiev,maiev-laugh-2.ogg,2.0,-99.0,capped
heroes-of-the-storm,maiev,maiev-pissed-1.ogg,2.0,-99.0,capped
heroes-of-the-storm,maiev,maiev-pissed-2.ogg,1.993,-99.0,capped
heroes-of-the-storm,maiev,maiev-vox-gethitlarge-0.ogg,2.0,-99.0,capped
heroes-of-the-storm,maiev,maiev-yes-0.ogg,2.0,-99.0,capped
heroes-of-the-storm,maiev,maiev-yes-1.ogg,2.0,-99.0,capped
heroes-of-the-storm,malfurion,malfurion-ai-goodjob-0.ogg,2.0,-99.0,capped
heroes-of-the-storm,malfurion,malfurion-ai-goodjob-1.ogg,2.0,-99.0,capped
heroes-of-the-storm,malfurion,malfurion-introboast-0.ogg,2.0,-99.0,capped
heroes-of-the-storm,malfurion,malfurion-introboast-1.ogg,2.0,-99.0,capped
heroes-of-the-storm,malfurion,malfurion-introquestion-0.ogg,2.0,-99.0,capped
heroes-of-the-storm,malfurion,malfurion-introquestion-1.ogg,2.0,-99.0,capped
heroes-of-the-storm,malfurion,malfurion-pissed-0.ogg,2.0,-99.0,capped
heroes-of-the-storm,malfurion,malfurion-pissed-1.ogg,2.0,-99.0,capped
heroes-of-the-storm,malfurion,malfurion-pissed-2.ogg,2.0,-99.0,capped
heroes-of-the-storm,malfurion,malfurion-taunt-0.ogg,2.0,-99.0,capped
heroes-of-the-storm,malfurion,malfurion-taunt-1.ogg,2.0,-99.0,capped
heroes-of-the-storm,malfurion,malfurion-taunt-2.ogg,2.0,-99.0,capped
heroes-of-the-storm,malfurion,malfurion-yes-1.ogg,1.993,-99.0,capped
heroes-of-the-storm,malganis,malganis-ai-goodjob-0.ogg,2.0,-99.0,capped
heroes-of-the-storm,malganis,malganis-ai-goodjob-1.ogg,2.0,-99.0,capped
heroes-of-the-storm,malganis,malganis-introboast-0.ogg,2.0,-99.0,capped
heroes-of-the-storm,malganis,malganis-introboast-1.ogg,2.0,-99.0,capped
heroes-of-the-storm,malganis,malganis-introquestion-0.ogg,2.0,-99.0,capped
heroes-of-the-storm,malganis,malganis-introquestion-1.ogg,2.0,-99.0,capped
heroes-of-the-storm,malganis,malganis-laugh00-0.ogg,2.0,-99.0,capped
heroes-of-the-storm,malganis,malganis-laugh00-2.ogg,2.0,-99.0,capped
heroes-of-the-storm,malganis,malganis-pissed-0.ogg,2.0,-99.0,capped
heroes-of-the-storm,malganis,malganis-pissed-1.ogg,2.0,-99.0,capped
heroes-of-the-storm,malganis,malganis-pissed-2.ogg,2.0,-99.0,capped
heroes-of-the-storm,malganis,malganis-yes-0.ogg,2.0,-99.0,capped
heroes-of-the-storm,malganis,malganis-yes-1.ogg,2.0,-99.0,capped
heroes-of-the-storm,malthael,malthael-attack-0.ogg,2.0,-99.0,capped
heroes-of-the-storm,malthael,malthael-attack-1.ogg,2.0,-99.0,capped
heroes-of-the-storm,malthael,malthael-introboast-0.ogg,2.0,-99.0,capped
heroes-of-the-storm,malthael,malthael-introboast-1.ogg,2.0,-99.0,capped
heroes-of-the-storm,malthael,malthael-introquestion-0.ogg,2.0,-99.0,capped
heroes-of-the-storm,malthael,malthael-introquestion-1.ogg,2.0,-99.0,capped
heroes-of-the-storm,malthael,malthael-kill-0.ogg,2.0,-99.0,capped
heroes-of-the-storm,malthael,malthael-kill-1.ogg,2.0,-99.0,capped
heroes-of-the-storm,malthael,malthael-kill-2.ogg,2.0,-99.0,capped
heroes-of-the-storm,malthael,malthael-pissed-0.ogg,2.0,-99.0,capped
heroes-of-the-storm,malthael,malthael-pissed-1.ogg,2.0,-99.0,capped
heroes-of-the-storm,malthael,malthael-pissed-2.ogg,2.0,-99.0,capped
heroes-of-the-storm,medivh,medivh-ai-goodjob-1.ogg,2.0,-99.0,capped
heroes-of-the-storm,medivh,medivh-introboast-0.ogg,2.0,-99.0,capped
heroes-of-the-storm,medivh,medivh-introboast-1.ogg,2.0,-99.0,capped
heroes-of-the-storm,medivh,medivh-introquestion-0.ogg,2.0,-99.0,capped
heroes-of-the-storm,medivh,medivh-introquestion-1.ogg,2.0,-99.0,capped
heroes-of-the-storm,medivh,medivh-laugh-0.ogg,2.0,-99.0,capped
heroes-of-the-storm,medivh,medivh-laugh-2.ogg,2.0,-99.0,capped
heroes-of-the-storm,medivh,medivh-pissed-2.ogg,2.01,-99.0,capped
heroes-of-the-storm,mei,mei-ai-goodjob-0.ogg,2.0,-99.0,capped
heroes-of-the-storm,mei,mei-introboast-0.ogg,2.0,-99.0,capped
heroes-of-the-storm,mei,mei-introquestion-0.ogg,2.0,-99.0,capped
heroes-of-the-storm,mei,mei-introquestion-1.ogg,1.993,-99.0,capped
heroes-of-the-storm,mei,mei-laugh-2.ogg,2.0,-99.0,capped
heroes-of-the-storm,mei,mei-pissed-2.ogg,2.0,-99.0,capped
heroes-of-the-storm,mephisto,mephisto-ai-goodjob-0.ogg,2.0,-99.0,capped
heroes-of-the-storm,mephisto,mephisto-ai-goodjob-1.ogg,2.0,-99.0,capped
heroes-of-the-storm,mephisto,mephisto-introboast-0.ogg,2.0,-99.0,capped
heroes-of-the-storm,mephisto,mephisto-introboast-1.ogg,2.0,-99.0,capped
heroes-of-the-storm,mephisto,mephisto-introquestion-0.ogg,2.0,-99.0,capped
heroes-of-the-storm,mephisto,mephisto-introquestion-1.ogg,2.0,-99.0,capped
heroes-of-the-storm,mephisto,mephisto-laugh00-0.ogg,2.0,-99.0,capped
heroes-of-the-storm,mephisto,mephisto-laugh00-1.ogg,2.0,-99.0,capped
heroes-of-the-storm,mephisto,mephisto-laugh00-2.ogg,2.0,-99.0,capped
heroes-of-the-storm,mephisto,mephisto-pissed-0.ogg,2.0,-99.0,capped
heroes-of-the-storm,mephisto,mephisto-pissed-1.ogg,2.0,-99.0,capped
heroes-of-the-storm,mephisto,mephisto-pissed-2.ogg,2.0,-99.0,capped
heroes-of-the-storm,mephisto,mephisto-vox-gethitlarge-0.ogg,2.0,-99.0,capped
heroes-of-the-storm,mephisto,mephisto-yes-0.ogg,2.0,-99.0,capped
heroes-of-the-storm,mephisto,mephisto-yes-1.ogg,2.0,-99.0,capped
heroes-of-the-storm,muradin,muradin-introboast-0.ogg,2.0,-99.0,capped
heroes-of-the-storm,muradin,muradin-introboast-1.ogg,2.0,-99.0,capped
heroes-of-the-storm,muradin,muradin-introquestion-0.ogg,2.0,-99.0,capped
heroes-of-the-storm,muradin,muradin-introquestion-1.ogg,2.0,-99.0,capped
heroes-of-the-storm,muradin,muradin-pissed-1.ogg,2.0,-99.0,capped
heroes-of-the-storm,muradin,muradin-pissed-2.ogg,2.0,-99.0,capped
heroes-of-the-storm,muradin,muradin-taunt-0.ogg,1.993,-99.0,capped
heroes-of-the-storm,muradin,muradin-taunt-1.ogg,2.0,-99.0,capped
heroes-of-the-storm,muradin,muradin-taunt-2.ogg,2.0,-99.0,capped
heroes-of-the-storm,muradin,muradin-worthit-0.ogg,2.0,-99.0,capped
heroes-of-the-storm,muradin,muradin-worthit-1.ogg,2.0,-99.0,capped
heroes-of-the-storm,nazeebo,nazeebo-introquestion-d3hero-0.ogg,1.999,-99.0,capped
heroes-of-the-storm,nazeebo,nazeebo-introquestion-demon-0.ogg,2.0,-99.0,capped
heroes-of-the-storm,nazeebo,nazeebo-introquestion-murky-0.ogg,2.0,-99.0,capped
heroes-of-the-storm,nazeebo,nazeebo-introquestion-tyrael-0.ogg,2.0,-99.0,capped
heroes-of-the-storm,nazeebo,nazeebo-killarthas-0.ogg,2.0,-99.0,capped
heroes-of-the-storm,nazeebo,nazeebo-killdiablo-0.ogg,2.0,-99.0,capped
heroes-of-the-storm,nazeebo,nazeebo-pissed-0.ogg,2.0,-99.0,capped
heroes-of-the-storm,nazeebo,nazeebo-pissed-1.ogg,2.01,-99.0,capped
heroes-of-the-storm,nazeebo,nazeebo-pissed-2.ogg,2.0,-99.0,capped
heroes-of-the-storm,nazeebo,nazeebo-teamkill-0.ogg,2.0,-99.0,capped
heroes-of-the-storm,nova,nova-introboast-0.ogg,2.0,-99.0,capped
heroes-of-the-storm,nova,nova-introboast-1.ogg,2.0,-99.0,capped
heroes-of-the-storm,nova,nova-introquestion-0.ogg,2.0,-99.0,capped
heroes-of-the-storm,nova,nova-introquestion-1.ogg,2.0,-99.0,capped
heroes-of-the-storm,nova,nova-pissed-2.ogg,2.0,-99.0,capped
heroes-of-the-storm,nova,nova-taunt-0.ogg,2.0,-99.0,capped
heroes-of-the-storm,nova,nova-taunt-1.ogg,2.009,-99.0,capped
heroes-of-the-storm,nova,nova-taunt-2.ogg,2.0,-99.0,capped
heroes-of-the-storm,orphea,orphea-introboast-0.ogg,1.993,-99.0,capped
heroes-of-the-storm,orphea,orphea-introboast-1.ogg,2.0,-99.0,capped
heroes-of-the-storm,orphea,orphea-introquestion-0.ogg,2.0,-99.0,capped
heroes-of-the-storm,orphea,orphea-introquestion-1.ogg,2.0,-99.0,capped
heroes-of-the-storm,orphea,orphea-laugh-2.ogg,2.0,-99.0,capped
heroes-of-the-storm,orphea,orphea-pissed-0.ogg,2.0,-99.0,capped
heroes-of-the-storm,orphea,orphea-pissed-1.ogg,2.0,-99.0,capped
heroes-of-the-storm,orphea,orphea-pissed-2.ogg,2.0,-99.0,capped
heroes-of-the-storm,probius,probius-introboast-0.ogg,1.983,-99.0,capped
heroes-of-the-storm,probius,probius-introquestion-0.ogg,2.0,-99.0,capped
heroes-of-the-storm,probius,probius-killlaugh-0.ogg,2.0,-99.0,capped
heroes-of-the-storm,probius,probius-pissed-0.ogg,2.0,-99.0,capped
heroes-of-the-storm,probius,probius-pissed-1.ogg,2.0,-99.0,capped
heroes-of-the-storm,qhira,qhira-introboast-0.ogg,2.0,-99.0,capped
heroes-of-the-storm,qhira,qhira-introboast-1.ogg,2.0,-99.0,capped
heroes-of-the-storm,qhira,qhira-introquestion-0.ogg,1.995,-99.0,capped
heroes-of-the-storm,qhira,qhira-pissed-1.ogg,2.0,-99.0,capped
heroes-of-the-storm,qhira,qhira-pissed-2.ogg,2.0,-99.0,capped
heroes-of-the-storm,qhira,qhira-yes-0.ogg,2.0,-99.0,capped
heroes-of-the-storm,ragnaros,ragnaros-ai-goodjob-0.ogg,2.0,-99.0,capped
heroes-of-the-storm,ragnaros,ragnaros-ai-goodjob-1.ogg,2.0,-99.0,capped
heroes-of-the-storm,ragnaros,ragnaros-introboast-0.ogg,1.99,-99.0,capped
heroes-of-the-storm,ragnaros,ragnaros-introboast-1.ogg,2.0,-99.0,capped
heroes-of-the-storm,ragnaros,ragnaros-introquestion-0.ogg,2.0,-99.0,capped
heroes-of-the-storm,ragnaros,ragnaros-introquestion-1.ogg,2.0,-99.0,capped
heroes-of-the-storm,ragnaros,ragnaros-laugh-0.ogg,2.0,-99.0,capped
heroes-of-the-storm,ragnaros,ragnaros-laugh-1.ogg,2.0,-99.0,capped
heroes-of-the-storm,ragnaros,ragnaros-laugh-2.ogg,2.0,-99.0,capped
heroes-of-the-storm,ragnaros,ragnaros-pissed-1.ogg,2.0,-99.0,capped
heroes-of-the-storm,ragnaros,ragnaros-pissed-2.ogg,2.0,-99.0,capped
heroes-of-the-storm,ragnaros,ragnaros-yes-0.ogg,2.0,-99.0,capped
heroes-of-the-storm,ragnaros,ragnaros-yes-1.ogg,2.0,-99.0,capped
heroes-of-the-storm,raynor,raynor-introboast-0.ogg,2.0,-99.0,capped
heroes-of-the-storm,raynor,raynor-introboast-1.ogg,2.0,-99.0,capped
heroes-of-the-storm,raynor,raynor-introquestion-0.ogg,2.0,-99.0,capped
heroes-of-the-storm,raynor,raynor-introquestion-1.ogg,2.0,-99.0,capped
heroes-of-the-storm,raynor,raynor-pissed-1.ogg,1.989,-99.0,capped
heroes-of-the-storm,raynor,raynor-pissed-2.ogg,2.0,-99.0,capped
heroes-of-the-storm,raynor,raynor-taunt-1.ogg,2.0,-99.0,capped
heroes-of-the-storm,raynor,raynor-taunt-2.ogg,2.0,-99.0,capped
heroes-of-the-storm,raynor,raynor-worthit-0.ogg,2.0,-99.0,capped
heroes-of-the-storm,raynor,raynor-worthit-1.ogg,2.0,-99.0,capped
heroes-of-the-storm,raynor,raynor-yes-0.ogg,2.0,-99.0,capped
heroes-of-the-storm,raynor,raynor-yes-1.ogg,2.0,-99.0,capped
heroes-of-the-storm,rehgar,rehgar-introboast-0.ogg,2.0,-99.0,capped
heroes-of-the-storm,rehgar,rehgar-introboast-1.ogg,2.0,-99.0,capped
heroes-of-the-storm,rehgar,rehgar-introquestion-0.ogg,2.0,-99.0,capped
heroes-of-the-storm,rehgar,rehgar-introquestion-1.ogg,2.0,-99.0,capped
heroes-of-the-storm,rehgar,rehgar-laugh00-0.ogg,2.0,-99.0,capped
heroes-of-the-storm,rehgar,rehgar-pissed-1.ogg,2.0,-99.0,capped
heroes-of-the-storm,rehgar,rehgar-pissed-2.ogg,2.0,-99.0,capped
heroes-of-the-storm,rehgar,rehgar-taunt-0.ogg,2.0,-99.0,capped
heroes-of-the-storm,rehgar,rehgar-taunt-1.ogg,2.0,-99.0,capped
heroes-of-the-storm,rehgar,rehgar-yes-0.ogg,2.0,-99.0,capped
heroes-of-the-storm,rexxar,rexxar-ai-goodjob-1.ogg,2.0,-99.0,capped
heroes-of-the-storm,rexxar,rexxar-introboast-0.ogg,2.0,-99.0,capped
heroes-of-the-storm,rexxar,rexxar-introboast-1.ogg,2.0,-99.0,capped
heroes-of-the-storm,rexxar,rexxar-introquestion-0.ogg,2.0,-99.0,capped
heroes-of-the-storm,rexxar,rexxar-introquestion-1.ogg,2.003,-99.0,capped
heroes-of-the-storm,rexxar,rexxar-laugh00-0.ogg,2.0,-99.0,capped
heroes-of-the-storm,rexxar,rexxar-laugh00-1.ogg,2.0,-99.0,capped
heroes-of-the-storm,rexxar,rexxar-laugh00-2.ogg,2.0,-99.0,capped
heroes-of-the-storm,rexxar,rexxar-pissed-0.ogg,2.0,-99.0,capped
heroes-of-the-storm,rexxar,rexxar-pissed-1.ogg,2.0,-99.0,capped
heroes-of-the-storm,rexxar,rexxar-pissed-2.ogg,2.0,-99.0,capped
heroes-of-the-storm,rexxar,rexxar-yes-0.ogg,2.0,-99.0,capped
heroes-of-the-storm,rexxar,rexxar-yes-1.ogg,2.0,-99.0,capped
heroes-of-the-storm,samuro,samuro-ai-goodjob-1.ogg,2.0,-99.0,capped
heroes-of-the-storm,samuro,samuro-introboast-0.ogg,2.0,-99.0,capped
heroes-of-the-storm,samuro,samuro-introboast-1.ogg,2.0,-99.0,capped
heroes-of-the-storm,samuro,samuro-introquestion-1.ogg,2.0,-99.0,capped
heroes-of-the-storm,samuro,samuro-laugh-2.ogg,1.993,-99.0,capped
heroes-of-the-storm,samuro,samuro-pissed-1.ogg,2.0,-99.0,capped
heroes-of-the-storm,samuro,samuro-pissed-2.ogg,2.0,-99.0,capped
heroes-of-the-storm,sonya,sonya-introboast-0.ogg,2.0,-99.0,capped
heroes-of-the-storm,sonya,sonya-introboast-1.ogg,2.0,-99.0,capped
heroes-of-the-storm,sonya,sonya-introquestion-0.ogg,2.0,-99.0,capped
heroes-of-the-storm,sonya,sonya-introquestion-jainadread-0.ogg,2.0,-99.0,capped
heroes-of-the-storm,sonya,sonya-pissed-0.ogg,2.0,-99.0,capped
heroes-of-the-storm,sonya,sonya-pissed-1.ogg,2.0,-99.0,capped
heroes-of-the-storm,sonya,sonya-pissed-2.ogg,2.0,-99.0,capped
heroes-of-the-storm,sonya,sonya-taunt-0.ogg,2.0,-99.0,capped
heroes-of-the-storm,sonya,sonya-taunt-1.ogg,2.0,-99.0,capped
heroes-of-the-storm,sonya,sonya-taunt-2.ogg,2.0,-99.0,capped
heroes-of-the-storm,sonya,sonya-worthit-1.ogg,2.0,-99.0,capped
heroes-of-the-storm,stitches,stitches-ai-goodjob-0.ogg,2.0,-99.0,capped
heroes-of-the-storm,stitches,stitches-ai-goodjob-1.ogg,2.0,-99.0,capped
heroes-of-the-storm,stitches,stitches-introboast-0.ogg,2.0,-99.0,capped
heroes-of-the-storm,stitches,stitches-introboast-1.ogg,2.0,-99.0,capped
heroes-of-the-storm,stitches,stitches-introquestion-0.ogg,2.0,-99.0,capped
heroes-of-the-storm,stitches,stitches-introquestion-1.ogg,2.0,-99.0,capped
heroes-of-the-storm,stitches,stitches-pissed-0.ogg,2.0,-99.0,capped
heroes-of-the-storm,stitches,stitches-pissed-1.ogg,2.0,-99.0,capped
heroes-of-the-storm,stitches,stitches-pissed-2.ogg,2.0,-99.0,capped
heroes-of-the-storm,stitches,stitches-taunt-0.ogg,2.0,-99.0,capped
heroes-of-the-storm,stitches,stitches-taunt-1.ogg,2.0,-99.0,capped
heroes-of-the-storm,stitches,stitches-taunt-2.ogg,2.0,-99.0,capped
heroes-of-the-storm,stitches,stitches-yes-0.ogg,2.0,-99.0,capped
heroes-of-the-storm,stitches,stitches-yes-1.ogg,2.0,-99.0,capped
heroes-of-the-storm,stukov,stukov-ai-goodjob-0.ogg,2.0,-99.0,capped
heroes-of-the-storm,stukov,stukov-ai-goodjob-1.ogg,2.0,-99.0,capped
heroes-of-the-storm,stukov,stukov-introboast-0.ogg,2.0,-99.0,capped
heroes-of-the-storm,stukov,stukov-introboast-1.ogg,2.0,-99.0,capped
heroes-of-the-storm,stukov,stukov-introquestion-0.ogg,2.0,-99.0,capped
heroes-of-the-storm,stukov,stukov-introquestion-1.ogg,2.0,-99.0,capped
heroes-of-the-storm,stukov,stukov-laugh-0.ogg,2.0,-99.0,capped
heroes-of-the-storm,stukov,stukov-laugh-1.ogg,1.993,-99.0,capped
heroes-of-the-storm,stukov,stukov-laugh-2.ogg,2.0,-99.0,capped
heroes-of-the-storm,stukov,stukov-pissed-0.ogg,2.0,-99.0,capped
heroes-of-the-storm,stukov,stukov-pissed-1.ogg,2.0,-99.0,capped
heroes-of-the-storm,stukov,stukov-pissed-2.ogg,2.0,-99.0,capped
heroes-of-the-storm,stukov,stukov-yes-1.ogg,2.0,-99.0,capped
heroes-of-the-storm,sylvanas,sylvanas-ai-goodjob-0.ogg,2.0,-99.0,capped
heroes-of-the-storm,sylvanas,sylvanas-ai-goodjob-1.ogg,2.0,-99.0,capped
heroes-of-the-storm,sylvanas,sylvanas-introboast-0.ogg,2.0,-99.0,capped
heroes-of-the-storm,sylvanas,sylvanas-introboast-1.ogg,2.0,-99.0,capped
heroes-of-the-storm,sylvanas,sylvanas-introquestion-0.ogg,2.0,-99.0,capped
heroes-of-the-storm,sylvanas,sylvanas-introquestion-1.ogg,2.0,-99.0,capped
heroes-of-the-storm,sylvanas,sylvanas-laugh00-2.ogg,1.993,-99.0,capped
heroes-of-the-storm,sylvanas,sylvanas-pissed-0.ogg,2.0,-99.0,capped
heroes-of-the-storm,sylvanas,sylvanas-pissed-1.ogg,2.0,-99.0,capped
heroes-of-the-storm,sylvanas,sylvanas-pissed-2.ogg,2.0,-99.0,capped
heroes-of-the-storm,tassadar,tassadar-ai-goodjob-0.ogg,2.0,-99.0,capped
heroes-of-the-storm,tassadar,tassadar-ai-goodjob-1.ogg,2.0,-99.0,capped
heroes-of-the-storm,tassadar,tassadar-introboast-0.ogg,2.0,-99.0,capped
heroes-of-the-storm,tassadar,tassadar-introboast-1.ogg,2.0,-99.0,capped
heroes-of-the-storm,tassadar,tassadar-introquestion-0.ogg,2.0,-99.0,capped
heroes-of-the-storm,tassadar,tassadar-introquestion-1.ogg,2.0,-99.0,capped
heroes-of-the-storm,tassadar,tassadar-pissed-0.ogg,2.0,-99.0,capped
heroes-of-the-storm,tassadar,tassadar-pissed-1.ogg,2.0,-99.0,capped
heroes-of-the-storm,tassadar,tassadar-pissed-2.ogg,2.0,-99.0,capped
heroes-of-the-storm,tassadar,tassadar-taunt-0.ogg,2.0,-99.0,capped
heroes-of-the-storm,tassadar,tassadar-taunt-1.ogg,2.0,-99.0,capped
heroes-of-the-storm,tassadar,tassadar-taunt-2.ogg,2.0,-99.0,capped
heroes-of-the-storm,tassadar,tassadar-yes-0.ogg,2.0,-99.0,capped
heroes-of-the-storm,tassadar,tassadar-yes-1.ogg,2.0,-99.0,capped
heroes-of-the-storm,the-butcher,the-butcher-darklaugh-0.ogg,2.0,-99.0,capped
heroes-of-the-storm,the-butcher,the-butcher-darklaugh-1.ogg,2.0,-99.0,capped
heroes-of-the-storm,the-butcher,the-butcher-darklaugh-2.ogg,2.0,-99.0,capped
heroes-of-the-storm,the-butcher,the-butcher-introboast-0.ogg,2.0,-99.0,capped
heroes-of-the-storm,the-butcher,the-butcher-introboast-1.ogg,2.0,-99.0,capped
heroes-of-the-storm,the-butcher,the-butcher-vox-gethitlarge-0.ogg,2.0,-99.0,capped
heroes-of-the-storm,the-lost-vikings,the-lost-vikings-ai-goodjob-0.ogg,2.0,-99.0,capped
heroes-of-the-storm,the-lost-vikings,the-lost-vikings-ai-goodjob-1.ogg,2.0,-99.0,capped
heroes-of-the-storm,the-lost-vikings,the-lost-vikings-introboast-0.ogg,2.0,-99.0,capped
heroes-of-the-storm,the-lost-vikings,the-lost-vikings-introboast-1.ogg,2.0,-99.0,capped
heroes-of-the-storm,the-lost-vikings,the-lost-vikings-introquestion-0.ogg,2.0,-99.0,capped
heroes-of-the-storm,the-lost-vikings,the-lost-vikings-introquestion-1.ogg,2.0,-99.0,capped
heroes-of-the-storm,the-lost-vikings,the-lost-vikings-pissed-0.ogg,2.0,-99.0,capped
heroes-of-the-storm,the-lost-vikings,the-lost-vikings-pissed-1.ogg,2.0,-99.0,capped
heroes-of-the-storm,the-lost-vikings,the-lost-vikings-pissed-2.ogg,2.0,-99.0,capped
heroes-of-the-storm,the-lost-vikings,the-lost-vikings-yes-1.ogg,2.0,-99.0,capped
heroes-of-the-storm,thrall,thrall-ai-goodjob-0.ogg,2.0,-99.0,capped
heroes-of-the-storm,thrall,thrall-introboast-0.ogg,2.0,-99.0,capped
heroes-of-the-storm,thrall,thrall-introboast-1.ogg,1.993,-99.0,capped
heroes-of-the-storm,thrall,thrall-introquestion-0.ogg,1.993,-99.0,capped
heroes-of-the-storm,thrall,thrall-introquestion-1.ogg,2.0,-99.0,capped
heroes-of-the-storm,thrall,thrall-pissed-0.ogg,2.0,-99.0,capped
heroes-of-the-storm,thrall,thrall-pissed-1.ogg,2.0,-99.0,capped
heroes-of-the-storm,thrall,thrall-pissed-2.ogg,2.0,-99.0,capped
heroes-of-the-storm,thrall,thrall-yes-1.ogg,2.0,-99.0,capped
heroes-of-the-storm,tracer,tracer-introboast-0.ogg,2.0,-99.0,capped
heroes-of-the-storm,tracer,tracer-pissed-2.ogg,2.0,-99.0,capped
heroes-of-the-storm,tychus,tychus-introboast-0.ogg,2.0,-99.0,capped
heroes-of-the-storm,tychus,tychus-introboast-1.ogg,2.0,-99.0,capped
heroes-of-the-storm,tychus,tychus-introquestion-0.ogg,2.0,-99.0,capped
heroes-of-the-storm,tychus,tychus-introquestion-1.ogg,2.0,-99.0,capped
heroes-of-the-storm,tychus,tychus-introresponse-laughter-0.ogg,2.0,-99.0,capped
heroes-of-the-storm,tychus,tychus-pissed-0.ogg,2.0,-99.0,capped
heroes-of-the-storm,tychus,tychus-pissed-1.ogg,2.0,-99.0,capped
heroes-of-the-storm,tychus,tychus-pissed-2.ogg,2.0,-99.0,capped
heroes-of-the-storm,tychus,tychus-taunt-0.ogg,2.0,-99.0,capped
heroes-of-the-storm,tychus,tychus-taunt-1.ogg,2.0,-99.0,capped
heroes-of-the-storm,tychus,tychus-worthit-0.ogg,2.0,-99.0,capped
heroes-of-the-storm,tychus,tychus-worthit-1.ogg,1.993,-99.0,capped
heroes-of-the-storm,tychus,tychus-yes-0.ogg,2.0,-99.0,capped
heroes-of-the-storm,tychus,tychus-yes-1.ogg,2.0,-99.0,capped
heroes-of-the-storm,tyrael,tyrael-introboast-0.ogg,1.995,-99.0,capped
heroes-of-the-storm,tyrael,tyrael-introboast-1.ogg,2.0,-99.0,capped
heroes-of-the-storm,tyrael,tyrael-introquestion-0.ogg,2.0,-99.0,capped
heroes-of-the-storm,tyrael,tyrael-introquestion-1.ogg,2.0,-99.0,capped
heroes-of-the-storm,tyrael,tyrael-pissed-0.ogg,2.0,-99.0,capped
heroes-of-the-storm,tyrael,tyrael-pissed-1.ogg,2.0,-99.0,capped
heroes-of-the-storm,tyrael,tyrael-pissed-2.ogg,2.0,-99.0,capped
heroes-of-the-storm,tyrael,tyrael-taunt-0.ogg,2.0,-99.0,capped
heroes-of-the-storm,tyrael,tyrael-taunt-1.ogg,2.0,-99.0,capped
heroes-of-the-storm,tyrael,tyrael-taunt-2.ogg,2.0,-99.0,capped
heroes-of-the-storm,tyrael,tyrael-worthit-0.ogg,2.0,-99.0,capped
heroes-of-the-storm,tyrael,tyrael-worthit-1.ogg,2.0,-99.0,capped
heroes-of-the-storm,tyrael,tyrael-yes-1.ogg,1.993,-99.0,capped
heroes-of-the-storm,tyrande,tyrande-ai-goodjob-1.ogg,2.0,-99.0,capped
heroes-of-the-storm,tyrande,tyrande-introboast-0.ogg,2.0,-99.0,capped
heroes-of-the-storm,tyrande,tyrande-introboast-1.ogg,2.0,-99.0,capped
heroes-of-the-storm,tyrande,tyrande-introquestion-0.ogg,2.0,-99.0,capped
heroes-of-the-storm,tyrande,tyrande-introquestion-1.ogg,1.993,-99.0,capped
heroes-of-the-storm,tyrande,tyrande-laughter-0.ogg,2.0,-99.0,capped
heroes-of-the-storm,tyrande,tyrande-pissed-0.ogg,2.0,-99.0,capped
heroes-of-the-storm,tyrande,tyrande-pissed-1.ogg,2.0,-99.0,capped
heroes-of-the-storm,tyrande,tyrande-pissed-2.ogg,1.99,-99.0,capped
heroes-of-the-storm,tyrande,tyrande-taunt-0.ogg,2.0,-99.0,capped
heroes-of-the-storm,tyrande,tyrande-taunt-1.ogg,2.0,-99.0,capped
heroes-of-the-storm,tyrande,tyrande-yes-0.ogg,2.0,-99.0,capped
heroes-of-the-storm,tyrande,tyrande-yes-1.ogg,1.993,-99.0,capped
heroes-of-the-storm,uther,uther-introboast-0.ogg,2.0,-99.0,capped
heroes-of-the-storm,uther,uther-introboast-1.ogg,2.0,-99.0,capped
heroes-of-the-storm,uther,uther-introquestion00-mp-0.ogg,2.0,-99.0,capped
heroes-of-the-storm,uther,uther-introquestion01-mp-0.ogg,2.0,-99.0,capped
heroes-of-the-storm,uther,uther-pissed00-mp-0.ogg,2.0,-99.0,capped
heroes-of-the-storm,uther,uther-pissed01-mp-0.ogg,2.0,-99.0,capped
heroes-of-the-storm,uther,uther-pissed02-mp-0.ogg,2.0,-99.0,capped
heroes-of-the-storm,uther,uther-taunt00-mp-0.ogg,2.0,-99.0,capped
heroes-of-the-storm,uther,uther-taunt01-mp-0.ogg,2.0,-99.0,capped
heroes-of-the-storm,uther,uther-taunt02-mp-0.ogg,2.0,-99.0,capped
heroes-of-the-storm,valeera,valeera-creepylaugh-0.ogg,2.0,-99.0,capped
heroes-of-the-storm,valeera,valeera-introboast-0.ogg,2.0,-99.0,capped
heroes-of-the-storm,valeera,valeera-introboast-1.ogg,2.0,-99.0,capped
heroes-of-the-storm,valeera,valeera-introquestion-0.ogg,2.0,-99.0,capped
heroes-of-the-storm,valeera,valeera-introquestion-1.ogg,2.0,-99.0,capped
heroes-of-the-storm,valeera,valeera-pissed-1.ogg,1.993,-99.0,capped
heroes-of-the-storm,valeera,valeera-pissed-2.ogg,2.0,-99.0,capped
heroes-of-the-storm,valla,valla-introboast-0.ogg,2.0,-99.0,capped
heroes-of-the-storm,valla,valla-introboast-1.ogg,2.0,-99.0,capped
heroes-of-the-storm,valla,valla-introquestion-0.ogg,2.0,-99.0,capped
heroes-of-the-storm,valla,valla-introquestion-1.ogg,2.0,-99.0,capped
heroes-of-the-storm,valla,valla-pissed-0.ogg,2.0,-99.0,capped
heroes-of-the-storm,valla,valla-pissed-1.ogg,2.0,-99.0,capped
heroes-of-the-storm,valla,valla-pissed-2.ogg,2.0,-99.0,capped
heroes-of-the-storm,valla,valla-taunt-0.ogg,2.0,-99.0,capped
heroes-of-the-storm,valla,valla-taunt-2.ogg,2.0,-99.0,capped
heroes-of-the-storm,valla,valla-worthit-1.ogg,2.0,-99.0,capped
heroes-of-the-storm,varian,varian-ai-goodjob-1.ogg,2.0,-99.0,capped
heroes-of-the-storm,varian,varian-introboast-0.ogg,2.0,-99.0,capped
heroes-of-the-storm,varian,varian-introboast-1.ogg,2.0,-99.0,capped
heroes-of-the-storm,varian,varian-introquestion-0.ogg,1.993,-99.0,capped
heroes-of-the-storm,varian,varian-introquestion-1.ogg,2.0,-99.0,capped
heroes-of-the-storm,varian,varian-laugh-1.ogg,2.0,-99.0,capped
heroes-of-the-storm,varian,varian-laugh-2.ogg,2.0,-99.0,capped
heroes-of-the-storm,varian,varian-pissed-0.ogg,2.0,-99.0,capped
heroes-of-the-storm,varian,varian-pissed-1.ogg,2.0,-99.0,capped
heroes-of-the-storm,varian,varian-pissed-2.ogg,1.993,-99.0,capped
heroes-of-the-storm,varian,varian-yes-0.ogg,2.0,-99.0,capped
heroes-of-the-storm,whitemane,whitemane-ai-goodjob-0.ogg,2.0,-99.0,capped
heroes-of-the-storm,whitemane,whitemane-introboast-0.ogg,2.0,-99.0,capped
heroes-of-the-storm,whitemane,whitemane-introboast-1.ogg,1.993,-99.0,capped
heroes-of-the-storm,whitemane,whitemane-introquestion-0.ogg,1.993,-99.0,capped
heroes-of-the-storm,whitemane,whitemane-introquestion-1.ogg,2.0,-99.0,capped
heroes-of-the-storm,whitemane,whitemane-laugh-2.ogg,2.0,-99.0,capped
heroes-of-the-storm,whitemane,whitemane-pissed-1.ogg,2.0,-99.0,capped
heroes-of-the-storm,whitemane,whitemane-pissed-2.ogg,2.0,-99.0,capped
heroes-of-the-storm,whitemane,whitemane-yes-1.ogg,2.0,-99.0,capped
heroes-of-the-storm,xul,xul-ai-goodjob-0.ogg,2.0,-99.0,capped
heroes-of-the-storm,xul,xul-ai-goodjob-1.ogg,2.0,-99.0,capped
heroes-of-the-storm,xul,xul-introboast-0.ogg,2.0,-99.0,capped
heroes-of-the-storm,xul,xul-introboast-1.ogg,2.0,-99.0,capped
heroes-of-the-storm,xul,xul-introquestion-0.ogg,1.993,-99.0,capped
heroes-of-the-storm,xul,xul-introquestion-1.ogg,2.0,-99.0,capped
heroes-of-the-storm,xul,xul-laugh-2.ogg,2.0,-99.0,capped
heroes-of-the-storm,xul,xul-pissed-1.ogg,2.0,-99.0,capped
heroes-of-the-storm,xul,xul-pissed-2.ogg,2.0,-99.0,capped
heroes-of-the-storm,xul,xul-yes-0.ogg,2.0,-99.0,capped
heroes-of-the-storm,xul,xul-yes-1.ogg,2.0,-99.0,capped
heroes-of-the-storm,yrel,yrel-ai-goodjob-0.ogg,2.0,-99.0,capped
heroes-of-the-storm,yrel,yrel-ai-goodjob-1.ogg,2.0,-99.0,capped
heroes-of-the-storm,yrel,yrel-introboast-0.ogg,2.0,-99.0,capped
heroes-of-the-storm,yrel,yrel-introboast-1.ogg,2.009,-99.0,capped
heroes-of-the-storm,yrel,yrel-introquestion-0.ogg,2.0,-99.0,capped
heroes-of-the-storm,yrel,yrel-introquestion-1.ogg,2.0,-99.0,capped
heroes-of-the-storm,yrel,yrel-pissed-2.ogg,2.0,-99.0,capped
heroes-of-the-storm,yrel,yrel-yes-0.ogg,1.993,-99.0,capped
heroes-of-the-storm,zagara,zagara-ai-goodjob-0.ogg,2.0,-99.0,capped
heroes-of-the-storm,zagara,zagara-ai-goodjob-1.ogg,2.0,-99.0,capped
heroes-of-the-storm,zagara,zagara-introboast-0.ogg,2.0,-99.0,capped
heroes-of-the-storm,zagara,zagara-introboast-1.ogg,2.0,-99.0,capped
heroes-of-the-storm,zagara,zagara-introquestion-0.ogg,2.0,-99.0,capped
heroes-of-the-storm,zagara,zagara-introquestion-1.ogg,1.993,-99.0,capped
heroes-of-the-storm,zagara,zagara-pissed-0.ogg,1.993,-99.0,capped
heroes-of-the-storm,zagara,zagara-pissed-1.ogg,2.0,-99.0,capped
heroes-of-the-storm,zagara,zagara-pissed-2.ogg,2.0,-99.0,capped
heroes-of-the-storm,zagara,zagara-taunt-0.ogg,2.0,-99.0,capped
heroes-of-the-storm,zagara,zagara-taunt-1.ogg,2.0,-99.0,capped
heroes-of-the-storm,zagara,zagara-taunt-2.ogg,2.0,-99.0,capped
heroes-of-the-storm,zarya,zarya-ai-goodjob-0.ogg,2.0,-99.0,capped
heroes-of-the-storm,zarya,zarya-introboast-0.ogg,2.0,-99.0,capped
heroes-of-the-storm,zarya,zarya-introquestion-0.ogg,1.993,-99.0,capped
heroes-of-the-storm,zarya,zarya-introquestion-1.ogg,2.0,-99.0,capped
heroes-of-the-storm,zarya,zarya-laugh-1.ogg,2.0,-99.0,capped
heroes-of-the-storm,zarya,zarya-laugh-2.ogg,2.0,-99.0,capped
heroes-of-the-storm,zarya,zarya-pissed-0.ogg,2.0,-99.0,capped
heroes-of-the-storm,zarya,zarya-pissed-1.ogg,2.0,-99.0,capped
heroes-of-the-storm,zarya,zarya-pissed-2.ogg,2.0,-99.0,capped
heroes-of-the-storm,zeratul,zeratul-introboast-0.ogg,2.0,-99.0,capped
heroes-of-the-storm,zeratul,zeratul-introboast-1.ogg,2.0,-99.0,capped
heroes-of-the-storm,zeratul,zeratul-introquestion-0.ogg,2.0,-99.0,capped
heroes-of-the-storm,zeratul,zeratul-introquestion-1.ogg,2.0,-99.0,capped
heroes-of-the-storm,zeratul,zeratul-pissed-0.ogg,2.0,-99.0,capped
heroes-of-the-storm,zeratul,zeratul-pissed-1.ogg,2.0,-99.0,capped
heroes-of-the-storm,zeratul,zeratul-pissed-2.ogg,2.0,-99.0,capped
heroes-of-the-storm,zeratul,zeratul-taunt-0.ogg,2.0,-99.0,capped
heroes-of-the-storm,zeratul,zeratul-taunt-1.ogg,1.993,-99.0,capped
heroes-of-the-storm,zeratul,zeratul-taunt-2.ogg,2.0,-99.0,capped
heroes-of-the-storm,zeratul,zeratul-worthit-0.ogg,2.0,-99.0,capped
heroes-of-the-storm,zeratul,zeratul-worthit-1.ogg,2.0,-99.0,capped
heroes-of-the-storm,zeratul,zeratul-yes-0.ogg,2.0,-99.0,capped
heroes-of-the-storm,zuljin,zuljin-ai-goodjob-0.ogg,2.0,-99.0,capped
heroes-of-the-storm,zuljin,zuljin-ai-goodjob-1.ogg,2.0,-99.0,capped
heroes-of-the-storm,zuljin,zuljin-introboast-0.ogg,2.0,-99.0,capped
heroes-of-the-storm,zuljin,zuljin-introboast-1.ogg,2.0,-99.0,capped
heroes-of-the-storm,zuljin,zuljin-introquestion-0.ogg,1.995,-99.0,capped
heroes-of-the-storm,zuljin,zuljin-introquestion-1.ogg,2.0,-99.0,capped
heroes-of-the-storm,zuljin,zuljin-pissed-2.ogg,2.0,-99.0,capped
simpsons,abe,abe-clip-0.wav,2.0,-99.0,capped
simpsons,abe,abe-clip-1.wav,2.0,-99.0,capped
simpsons,abe,abe-clip-2.wav,2.0,-99.0,capped
simpsons,bart,bart-clip-1.wav,2.0,-99.0,capped
simpsons,bart,bart-clip-12.wav,2.0,-99.0,capped
simpsons,bart,bart-clip-15.wav,2.0,-99.0,capped
simpsons,bart,bart-clip-18.wav,2.0,-99.0,capped
simpsons,bart,bart-clip-19.wav,2.0,-99.0,capped
simpsons,bart,bart-clip-20.wav,2.0,-99.0,capped
simpsons,bart,bart-clip-21.wav,2.0,-99.0,capped
simpsons,bart,bart-clip-23.wav,2.0,-99.0,capped
simpsons,bart,bart-clip-3.wav,2.0,-99.0,capped
simpsons,bart,bart-clip-9.wav,2.0,-99.0,capped
simpsons,bart,bart-ididntdoit-0.mp3,2.0,-99.0,capped
simpsons,homer,homer-banging-0.wav,2.0,-99.0,capped
simpsons,homer,homer-doh-0.wav,2.0,-99.0,capped
simpsons,homer,homer-giggle-0.wav,2.0,-99.0,capped
simpsons,homer,homer-mmm-0.wav,2.0,-99.0,capped
simpsons,homer,homer-screaming-1.wav,2.0,-99.0,capped
simpsons,homer,homer-stupidtv-0.wav,2.0,-99.0,capped
simpsons,lisa,lisa-annoyed-1.mp3,2.0,-99.0,capped
simpsons,lisa,lisa-annoyed-2.mp3,2.0,-99.0,capped
simpsons,lisa,lisa-done-1.mp3,2.0,-99.0,capped
simpsons,lisa,lisa-line-1.mp3,2.0,-99.0,capped
simpsons,lisa,lisa-okay-1.mp3,2.0,-99.0,capped
simpsons,lisa,lisa-scream-1.mp3,2.0,-99.0,capped
simpsons,lisa,lisa-scream-2.mp3,2.0,-99.0,capped
simpsons,lisa,lisa-what-1.mp3,2.0,-99.0,capped
simpsons,marge,marge-desertchildren-0.wav,2.0,-99.0,capped
simpsons,marge,marge-marjorieplease-0.wav,2.0,-99.0,capped
simpsons,_shared,shared-dispatch-0.wav,2.0,-99.0,capped
simpsons,_shared,shared-flanders-hello-0.wav,2.0,-99.0,capped
simpsons,_shared,shared-ghostcars-0.wav,2.0,-99.0,capped
simpsons,_shared,shared-gotacall-0.wav,2.0,-99.0,capped
simpsons,_shared,shared-music-0.wav,2.0,-99.0,capped
simpsons,_shared,shared-prankcall-0.wav,2.0,-99.0,capped
simpsons,_shared,shared-trampoline-0.wav,2.0,-99.0,capped
simpsons,_shared,shared-wellbye-0.wav,2.0,-99.0,capped
sims,adult-female,adult-female-arriba-0.wav,2.0,-99.0,capped
sims,adult-female,adult-female-braggee_admire-0.wav,2.0,-99.0,capped
sims,adult-female,adult-female-braggee_admire-1.wav,2.0,-99.0,capped
sims,adult-female,adult-female-complimentee_appreci-0.wav,2.0,-99.0,capped
sims,adult-female,adult-female-complimentee_appreci-1.wav,2.0,-99.0,capped
sims,adult-female,adult-female-complimentee_appreci-2.wav,2.0,-99.0,capped
sims,adult-female,adult-female-complimentee_appreci-3.wav,2.0,-99.0,capped
sims,adult-female,adult-female-cry_hard-0.wav,2.0,-99.0,capped
sims,adult-female,adult-female-frustrated-6.wav,2.0,-99.0,capped
sims,adult-female,adult-female-frustrated-7.wav,2.0,-99.0,capped
sims,adult-female,adult-female-ghost-0.wav,2.0,-99.0,capped
sims,adult-female,adult-female-ghost-1.wav,2.0,-99.0,capped
sims,adult-female,adult-female-ghost-2.wav,2.0,-99.0,capped
sims,adult-female,adult-female-groan-0.wav,2.0,-99.0,capped
sims,adult-female,adult-female-hey-2.wav,2.0,-99.0,capped
sims,adult-female,adult-female-hey-5.wav,2.0,-99.0,capped
sims,adult-female,adult-female-insultee-0.wav,2.0,-99.0,capped
sims,adult-female,adult-female-insultee-1.wav,2.0,-99.0,capped
sims,adult-female,adult-female-insultee-2.wav,2.0,-99.0,capped
sims,adult-female,adult-female-insultee-3.wav,2.0,-99.0,capped
sims,adult-female,adult-female-insultee-4.wav,2.0,-99.0,capped
sims,adult-female,adult-female-insultee-5.wav,2.0,-99.0,capped
sims,adult-female,adult-female-insultee-6.wav,2.0,-99.0,capped
sims,adult-female,adult-female-insultee-7.wav,2.0,-99.0,capped
sims,adult-female,adult-female-insultee-8.wav,2.0,-99.0,capped
sims,adult-female,adult-female-laugh_apprec-0.wav,2.0,-99.0,capped
sims,adult-male,adult-male-complimentee_appreci-0.wav,2.0,-99.0,capped
sims,adult-male,adult-male-frustrated-0.wav,2.0,-99.0,capped
sims,adult-male,adult-male-ghost-0.wav,2.0,-99.0,capped
sims,adult-male,adult-male-ghost-1.wav,2.0,-99.0,capped
sims,adult-male,adult-male-giftgetter_like-0.wav,2.0,-99.0,capped
sims,adult-male,adult-male-giftgetter_like-1.wav,2.0,-99.0,capped
sims,adult-male,adult-male-giftgetter_like-2.wav,2.0,-99.0,capped
sims,adult-male,adult-male-groan-0.wav,2.0,-99.0,capped
sims,adult-male,adult-male-hey-0.wav,2.0,-99.0,capped
sims,adult-male,adult-male-hey-1.wav,2.0,-99.0,capped
sims,adult-male,adult-male-hey-2.wav,2.0,-99.0,capped
sims,adult-male,adult-male-hey-3.wav,2.0,-99.0,capped
sims,adult-male,adult-male-hey-4.wav,2.0,-99.0,capped
sims,adult-male,adult-male-hey-5.wav,2.0,-99.0,capped
sims,adult-male,adult-male-hey-6.wav,2.0,-99.0,capped
sims,adult-male,adult-male-insultee-0.wav,2.0,-99.0,capped
sims,adult-male,adult-male-insultee-1.wav,2.0,-99.0,capped
sims,adult-male,adult-male-insultee-10.wav,2.0,-99.0,capped
sims,adult-male,adult-male-insultee-11.wav,2.0,-99.0,capped
sims,adult-male,adult-male-insultee-2.wav,2.0,-99.0,capped
sims,adult-male,adult-male-insultee-3.wav,2.0,-99.0,capped
sims,adult-male,adult-male-insultee-4.wav,2.0,-99.0,capped
sims,adult-male,adult-male-insultee-5.wav,2.0,-99.0,capped
sims,adult-male,adult-male-insultee-6.wav,2.0,-99.0,capped
sims,adult-male,adult-male-insultee-7.wav,2.0,-99.0,capped
sims,adult-male,adult-male-insultee-8.wav,2.0,-99.0,capped
sims,adult-male,adult-male-insultee-9.wav,2.0,-99.0,capped
sims,adult-male,adult-male-laugh_apprec-0.wav,2.0,-99.0,capped
sims,adult-male,adult-male-laugh_apprec-1.wav,2.0,-99.0,capped
sims,baby,baby-babytalk-0.wav,2.0,-99.0,capped
sims,baby,baby-babytalk-1.wav,2.0,-99.0,capped
sims,baby,baby-babytalk-2.wav,2.0,-99.0,capped
sims,baby,baby-babytalk-3.wav,2.0,-99.0,capped
sims,baby,baby-babytalk-4.wav,2.0,-99.0,capped
sims,baby,baby-babytalk-5.wav,2.0,-99.0,capped
sims,baby,baby-babytalk-6.wav,2.0,-99.0,capped
sims,baby,baby-baby_coo-1.wav,2.0,-99.0,capped
sims,baby,baby-baby_coo-3.wav,2.0,-99.0,capped
sims,baby,baby-baby_coo-4.wav,2.0,-99.0,capped
sims,baby,baby-baby_cry_small-0.wav,2.0,-99.0,capped
sims,baby,baby-baby_cry_small-1.wav,2.0,-99.0,capped
sims,baby,baby-baby_cry_small-2.wav,2.0,-99.0,capped
sims,baby,baby-baby_cry_windup-0.wav,2.0,-99.0,capped
sims,baby,baby-baby_cry_windup-1.wav,2.0,-99.0,capped
sims,baby,baby-baby_cry_windup-3.wav,2.0,-99.0,capped
sims,baby,baby-baby_giggle-1.wav,2.0,-99.0,capped
sims,baby,baby-baby_giggle-2.wav,2.0,-99.0,capped
sims,baby,baby-baby_giggle-4.wav,2.0,-99.0,capped
sims,bella-goth,bella-goth-cry_hard-0.wav,2.0,-99.0,capped
sims,bella-goth,bella-goth-frustrated-2.wav,2.0,-99.0,capped
sims,bella-goth,bella-goth-ghost-0.wav,2.0,-99.0,capped
sims,bella-goth,bella-goth-groan-0.wav,2.0,-99.0,capped
sims,bella-goth,bella-goth-insultee-0.wav,2.0,-99.0,capped
sims,bella-goth,bella-goth-insultee-1.wav,2.0,-99.0,capped
sims,bella-goth,bella-goth-laugh_apprec-0.wav,2.0,-99.0,capped
sims,child,child-complimentee_appreci-0.wav,2.0,-99.0,capped
sims,child,child-complimentee_appreci-1.wav,2.0,-99.0,capped
sims,child,child-complimentee_appreci-2.wav,2.0,-99.0,capped
sims,child,child-complimentee_appreci-3.wav,2.0,-99.0,capped
sims,child,child-complimentee_appreci-4.wav,2.0,-99.0,capped
sims,child,child-ghost-0.wav,2.0,-99.0,capped
sims,child,child-ghost-1.wav,2.0,-99.0,capped
sims,child,child-ghost-2.wav,2.0,-99.0,capped
sims,child,child-ghost-3.wav,2.0,-99.0,capped
sims,child,child-ghost-4.wav,2.0,-99.0,capped
sims,child,child-giftgetter_like-0.wav,2.0,-99.0,capped
sims,child,child-giftgetter_like-1.wav,2.0,-99.0,capped
sims,child,child-giftgetter_like-2.wav,2.0,-99.0,capped
sims,child,child-hey-0.wav,2.0,-99.0,capped
sims,child,child-insultee-0.wav,2.0,-99.0,capped
sims,child,child-insultee-1.wav,2.0,-99.0,capped
sims,child,child-insultee-2.wav,2.0,-99.0,capped
sims,child,child-insultee-3.wav,2.0,-99.0,capped
sims,child,child-laugh_apprec-0.wav,2.0,-99.0,capped
sims,child,child-laugh_apprec-1.wav,2.0,-99.0,capped
sims,child,child-laugh_apprec-3.wav,2.0,-99.0,capped
sims,child,child-laugh_apprec-4.wav,2.0,-99.0,capped
sims,mortimer-goth,mortimer-goth-arriba-0.wav,2.0,-99.0,capped
sims,mortimer-goth,mortimer-goth-frustrated-3.wav,2.0,-99.0,capped
sims,mortimer-goth,mortimer-goth-ghost-0.wav,2.0,-99.0,capped
sims,mortimer-goth,mortimer-goth-groan-0.wav,2.0,-99.0,capped
sims,mortimer-goth,mortimer-goth-hey-0.wav,2.0,-99.0,capped
sims,mortimer-goth,mortimer-goth-hey-1.wav,2.0,-99.0,capped
sims,mortimer-goth,mortimer-goth-insultee-0.wav,2.0,-99.0,capped
sims,mortimer-goth,mortimer-goth-insultee-1.wav,2.0,-99.0,capped
spongebob,patrick,patrick-goodmorning-0.mp3,2.0,-99.0,capped
spongebob,patrick,patrick-name-0.wav,2.0,-99.0,capped
spongebob,spongebob,spongebob-barkontree-0.wav,2.0,-99.0,capped
spongebob,spongebob,spongebob-dude-0.wav,2.0,-99.0,capped
spongebob,spongebob,spongebob-imready-0.mp3,2.0,-99.0,capped
spongebob,spongebob,spongebob-lowervolume-0.wav,2.0,-99.0,capped
spongebob,spongebob,spongebob-rippedpants-0.mp3,2.0,-99.0,capped
spongebob,squidward,squidward-walking-0.mp3,2.0,-99.0,capped
spongebob,_shared,shared-loserneighbors-0.wav,2.0,-99.0,capped
spongebob,_shared,shared-sandylikesbob-0.wav,2.0,-99.0,capped
warcraft-3-frozen-throne,acolyte,acolyte-pissed-0.wav,2.0,-99.0,capped
warcraft-3-frozen-throne,acolyte,acolyte-pissed-1.wav,2.0,-99.0,capped
warcraft-3-frozen-throne,acolyte,acolyte-pissed-2.wav,2.0,-99.0,capped
warcraft-3-frozen-throne,acolyte,acolyte-pissed-3.wav,2.0,-99.0,capped
warcraft-3-frozen-throne,acolyte,acolyte-pissed-4.wav,2.0,-99.0,capped
warcraft-3-frozen-throne,acolyte,acolyte-pissed-6.wav,2.0,-99.0,capped
warcraft-3-frozen-throne,acolyte,acolyte-what-1.wav,2.0,-99.0,capped
warcraft-3-frozen-throne,acolyte,acolyte-what-3.wav,2.0,-99.0,capped
warcraft-3-frozen-throne,acolyte,acolyte-what-4.wav,2.0,-99.0,capped
warcraft-3-frozen-throne,arthas,arthas-pissed-1.wav,2.0,-99.0,capped
warcraft-3-frozen-throne,arthas,arthas-pissed-3.wav,2.0,-99.0,capped
warcraft-3-frozen-throne,peasant,peasant-death-0.wav,2.0,-99.0,capped
warcraft-3-frozen-throne,peasant,peasant-pissed-0.wav,2.0,-99.0,capped
warcraft-3-frozen-throne,peasant,peasant-pissed-1.wav,2.0,-99.0,capped
warcraft-3-frozen-throne,peasant,peasant-pissed-2.wav,2.0,-99.0,capped
warcraft-3-frozen-throne,peasant,peasant-pissed-3.wav,2.0,-99.0,capped
warcraft-3-frozen-throne,peon,peon-pissed-1.wav,2.0,-99.0,capped
